Movie Title,IMDB_Score,IMDB_Votes
Hop,5.4,33734.0
"Crazy, Stupid, Love.",7.4,507878.0
Margin Call,7.1,125883.0
Django Unchained,8.4,1472668.0
Looper,7.4,566791.0
Argo,7.7,600392.0
Midnight in Paris,7.7,413541.0
Warrior,8.2,463276.0
Les Misérables,7.5,325132.0
The Girl with the Dragon Tattoo,7.8,454917.0
Contagion,6.8,300074.0
Battleship,5.8,246008.0
Killing Them Softly,6.2,141289.0
Just Go with It,6.4,239367.0
Dark Shadows,6.2,262998.0
Sherlock Holmes: A Game of Shadows,7.4,446531.0
Silver Linings Playbook,7.7,697481.0
Sucker Punch,6.0,241111.0
Jackass 3.5,,
Total Recall,6.2,252051.0
Project X,6.6,204959.0
Berserk: The Golden Age Arc I - The Egg of the King,7.5,12278.0
Soul Surfer,7.0,49101.0
Final Destination 5,5.9,114505.0
Puss in Boots,6.6,156144.0
Savages,6.4,129199.0
Hall Pass,5.9,125098.0
Rurouni Kenshin Part I: Origins,7.4,25793.0
Unknown,6.8,259696.0
Hostel: Part III,,
The Rite,6.0,96915.0
Mean Girls 2,4.1,23287.0
A Very Harold & Kumar Christmas,6.2,69241.0
Red Riding Hood,5.4,111483.0
New Year's Eve,5.6,85658.0
The Smurfs,5.4,89316.0
Jack and Jill,3.3,83727.0
Everything Must Go,6.4,50431.0
John Mulaney: New in Town,8.2,6608.0
One Piece Film: Z,7.8,7002.0
Arthur Christmas,7.1,58296.0
Silenced,8.0,15889.0
A Perfect Ending,5.7,4308.0
Quartet,6.8,20194.0
Berserk: The Golden Age Arc II - The Battle for Doldrey,7.7,10257.0
Bill Burr: You People Are All The Same,8.2,7370.0
Bully,7.4,10266.0
The History of Future Folk,7.1,3398.0
Cloudburst,7.2,2281.0
Donald Glover: Weirdo,7.4,3511.0
A Princess for Christmas,6.3,8222.0
Middle of Nowhere,6.5,1818.0
Zindagi Na Milegi Dobara,8.1,75801.0
Kung Fu Panda: Secrets of the Scroll,,
What About Dick?,,
Escape from Planet Earth,5.8,25639.0
Inventing David Geffen,,
Sebastian Maniscalco: What's Wrong with People?,8.0,1194.0
Undefeated,7.7,7051.0
Singham,6.8,16473.0
Tim Minchin and the Heritage Orchestra: Live at the Royal Albert Hall,,
Barfi!,8.1,80643.0
Mosquita y Mari,6.3,918.0
The Great Magician,5.9,1741.0
Joan Rivers: Don't Start with Me,6.6,408.0
Sniper: Reloaded,,
Delhi Belly,7.6,29578.0
Naruto Shippuden the Movie: Blood Prison,7.1,5021.0
Maria Bamford: The Special Special Special!,7.0,567.0
Tiger & Bunny: The Beginning,6.7,216.0
Don't Go Breaking My Heart,6.5,1756.0
Pyaar Ka Punchnama,7.7,21204.0
Big Time Movie,6.1,1936.0
A World Not Ours,7.8,376.0
Don 2,7.1,52338.0
A Second Chance,4.7,1018.0
Jeff Dunham: Minding the Monsters,7.0,1401.0
Jeff Dunham: Controlled Chaos,7.4,2272.0
Chillar Party,7.5,7686.0
The Dirty Picture,6.6,9522.0
Kyaa Super Kool Hain Hum,5.0,3885.0
Talaash,7.3,41752.0
Rowdy Rathore,5.9,22243.0
Blitz Patrollie,5.4,145.0
OMG: Oh My God!,8.1,57449.0
6 Bullets,6.0,14898.0
Material,7.3,950.0
Toll Booth,6.4,4118.0
An Elf's Story,5.2,504.0
Without Gorky,6.6,97.0
Bodyguard,4.6,25592.0
Shaitan,7.3,8414.0
Paan Singh Tomar,8.2,35888.0
Jim Gaffigan: Mr. Universe,,
Kath & Kimderella,5.3,1333.0
Game,5.2,2316.0
Lavell Crawford: Can a Brother Get Some Love?,6.9,230.0
Grandmaster,6.9,2165.0
Arjun: The Warrior Prince,6.7,14.0
A Beautiful Life,6.7,927.0
Mugamoodi,5.1,1176.0
Players,4.2,4490.0
Tere Naal Love Ho Gaya,5.8,4359.0
FRED 3: Camp Fred,2.0,2625.0
Kalakalappu,6.9,1342.0
Katt Williams: Kattpacalypse,5.5,635.0
No One Killed Jessica,7.2,11665.0
Luv Shuv Tey Chicken Khurana,6.6,3905.0
Ragini MMS,5.1,2617.0
Tom Papa: Live in New York City,7.2,490.0
10 jours en or,6.0,1003.0
26 Years,6.3,1178.0
7 Khoon Maaf,6.2,5919.0
Asmaa,8.1,4445.0
"All's Well, Ends Well",5.1,334.0
Vettai,6.0,2433.0
Tita Rahiba,5.2,700.0
Ek Main Aur Ekk Tu,5.8,6754.0
Last Flight to Abuja,4.5,347.0
Michael,5.3,167.0
Bbuddah Hoga Terra Baap,5.6,2884.0
Shor in the City,7.2,3708.0
Chhota Bheem & Krishna in Mayanagari,9.0,5.0
Department,3.2,1049.0
Stray Bullet,6.3,363.0
The Mistress,6.3,359.0
X Large,,
Ferrari Ki Sawaari,6.4,5411.0
Zokkomon,3.9,407.0
Chhota Bheem and the Broken Amulet,7.5,16.0
One More Try,5.9,202.0
Thaandavam,6.1,2034.0
Aiyyaa,4.3,1871.0
Blood Money,5.1,1533.0
Heroine,5.0,4312.0
Bwakaw,7.1,296.0
Taxi Ballad,,
Chota Bheem Aur Ganesh in the Amazing Odyssey,7.8,12.0
Sisterakas,5.2,286.0
Chhota Bheem In Dholakpur to Kathmandu,7.8,41.0
The Rise of Kirmada,8.0,53.0
Husbands in Goa,3.8,278.0
Question Mark,7.0,254.0
Muran,6.3,292.0
"Darling, Something's Wrong with Your Head",6.7,129.0
Phone Swap,6.4,170.0
Chhota Bheem: Journey to Petra,,
Chhota Bheem Master of Shaolin,6.3,112.0
No Other Woman,5.9,309.0
Moshe Kasher: Live in Oakland,6.7,330.0
My Friend Pinto,5.3,391.0
The Mirror Boy,4.9,138.0
Here Comes the Rain,6.3,63.0
Paddington,7.2,111092.0
Nightcrawler,7.8,523686.0
Her,8.0,586679.0
42,7.5,93314.0
The Imitation Game,8.0,748654.0
The Call,6.7,120475.0
Big Eyes,7.2,51.0
Oldboy,5.7,75015.0
Rush,8.1,465254.0
How to Train Your Dragon 2,7.8,327565.0
Begin Again,7.4,154049.0
The Conjuring,7.5,491048.0
Insidious: Chapter 2,6.5,167549.0
A Walk Among the Tombstones,6.5,120389.0
Olympus Has Fallen,6.5,272334.0
The Giver,6.4,118117.0
Creep,6.3,52233.0
St. Vincent,7.2,102103.0
The Green Inferno,5.3,43149.0
Dark Skies,6.3,75139.0
The Frozen Ground,6.4,62183.0
Empire State,5.2,21368.0
Shrek the Musical,6.9,3634.0
The Butler,7.2,114013.0
Scary Movie 5,3.5,70814.0
Cloudy with a Chance of Meatballs 2,6.3,100637.0
Penguins of Madagascar,6.6,88708.0
Redemption,,
Texas Chainsaw 3D,4.8,49312.0
Jackass Presents: Bad Grandpa .5,6.3,
Mr. Peabody & Sherman,6.8,68790.0
Vampire Academy,5.4,54190.0
"I, Frankenstein",5.1,80733.0
Seventh Son,5.5,76395.0
Sabotage,5.7,63007.0
The Railway Man,7.1,39743.0
Life of Crime,5.8,18793.0
Get on Up,6.9,24456.0
The November Man,6.3,67243.0
The Nut Job,5.7,28295.0
Brick Mansions,5.6,42137.0
The Big Wedding,5.6,49549.0
Bonnie & Clyde,,
The Battered Bastards of Baseball,8.0,3953.0
Who Am I,7.5,55044.0
Bo Burnham: What.,8.3,11488.0
The Smurfs 2,5.3,41571.0
Metallica: Through the Never,7.1,17433.0
Walk of Shame,6.0,54065.0
Search Party,5.6,7789.0
Stand by Me Doraemon,7.3,7812.0
Thanks for Sharing,6.4,28204.0
Copenhagen,7.1,13135.0
Cowspiracy: The Sustainability Secret,8.2,24845.0
The Haunting in Connecticut 2: Ghosts of Georgia,5.2,17170.0
Mike Birbiglia: My Girlfriend's Boyfriend,8.0,3284.0
Elena,7.6,1823.0
Berserk: The Golden Age Arc III - The Advent,7.8,9942.0
Bill Burr: I'm Sorry You Feel That Way,8.3,7954.0
A Haunted House 2,4.6,21514.0
We Steal Secrets: The Story of WikiLeaks,6.9,7873.0
Effie Gray,6.0,5482.0
Free Birds,5.8,23917.0
The Square,8.1,8949.0
The Short Game,7.3,1518.0
PK,8.2,178012.0
Underdogs,6.5,9535.0
Jinxed,6.4,1444.0
Swearnet: The Movie,6.1,2652.0
Company of Heroes,,
Tiger & Bunny: The Rising,6.8,265.0
Selfie,6.0,1671.0
Virunga,8.2,11403.0
Tom Segura: Completely Normal,7.7,2570.0
Buddies,6.6,1076.0
Chennai Express,6.1,53293.0
Monty Python: The Meaning of Live,7.6,574.0
LEGO DC Comics Super Heroes: Batman Be-Leaguered,6.5,1305.0
The Berlin File,6.6,7103.0
Omar,7.5,14230.0
Dabbe: The Possession,6.8,5635.0
Haider,8.1,54001.0
2 States,6.9,25344.0
Dragons: Dawn Of The Dragon Racers,,
A Fairly Odd Summer,4.0,533.0
Blind Detective,6.4,3255.0
The Boss: Anatomy of a Crime,7.3,2105.0
Khoobsurat,6.5,8330.0
Monty Python: Live (Mostly),7.6,2598.0
Miss Granny,7.2,3433.0
Highway,7.6,28370.0
Queen,8.2,64805.0
Expelled from Paradise,6.7,1696.0
LEGO Marvel Super Heroes: Maximum Overload,,
Jim Gaffigan: Obsessed,7.6,2226.0
Mission Blue,7.9,1950.0
From One Second to the Next,,
The Meaning of Monty Python,,
ABCD,6.3,6898.0
Pedal the World,5.0,1057.0
City of God: 10 Years Later,6.4,1299.0
Birth Reborn,7.8,249.0
Bombay Talkies,6.6,5372.0
Kai Po Che!,7.8,36512.0
My Beautiful Broken Brain,7.1,2257.0
Mitt,6.9,2579.0
Ragini MMS 2,3.9,2870.0
Fukrey,6.9,11656.0
Dedh Ishqiya,7.0,7179.0
Hasee Toh Phasee,6.8,14916.0
Pizza,6.2,1285.0
Ankhon Dekhi,8.0,11330.0
Sniper: Legacy,,
Boss,5.3,11059.0
Tea Time,7.6,480.0
When Love Happens,4.8,128.0
Mary Kom,6.9,10656.0
Four Sisters and a Wedding,7.2,789.0
Special 26,8.0,55489.0
Once Upon a Time in Mumbai Dobaara!,4.6,7127.0
Swearnet Live,5.4,519.0
Jim Jefferies: Bare,8.0,5407.0
Dabbe 5: Zehr-i Cin,6.0,3708.0
The Perfect Dictatorship,7.2,5370.0
Imperial Dreams,6.7,4452.0
Liar's Dice,6.8,1069.0
Silent,,
El Mago Pop,6.8,21.0
Humpty Sharma Ki Dulhania,6.0,12757.0
Print the Legend,7.0,1967.0
The Butterfly's Dream,7.8,21882.0
Jeff Dunham: All Over the Map,7.1,854.0
Bride for Rent,6.4,584.0
Ghanchakkar,5.8,5019.0
BoJack Horseman Christmas Special,,
Aziz Ansari: Buried Alive,7.2,3980.0
Marc Maron: Thinky Pain,7.3,1876.0
Naan Sigappu Manithan,6.5,1081.0
Born in Gaza,7.4,492.0
Romantik Komedi 2: Bekarlığa Veda,5.1,3357.0
Free to Play,7.9,13308.0
"The Other One: The Long, Strange Trip of Bob Weir",7.3,1649.0
Inkaar,6.2,2565.0
Coming Soon,7.5,33714.0
The Midas Touch,5.0,183.0
Refugiado,6.4,365.0
Ralphie May: Imperfectly Yours,5.4,150.0
Wedding Association,7.1,22186.0
Heritages,7.3,130.0
Race 2,5.3,16302.0
Madras Cafe,7.7,24319.0
Deliha,4.5,4315.0
Confusion Na Wa,7.0,38.0
Saheb Biwi Aur Gangster Returns,6.7,3978.0
Ungli,5.8,3888.0
Chashme Baddoor,5.4,5121.0
SampleThis,6.4,466.0
The War Against Women,7.3,74.0
Ghadi,7.3,1128.0
Eyes of a Thief,6.6,443.0
October 1,6.4,424.0
Mars at Sunrise,7.8,43.0
Satyagraha,5.9,5127.0
Bhaji in Problem,7.3,1007.0
Pagpag: Nine Lives,5.5,313.0
Blind Intersections,6.7,172.0
100 Things to Do Before High School,,
Trailer Park Boys: Live at the North Pole,6.7,1091.0
Must Be... Love,6.4,522.0
She's The One,6.3,205.0
Trailer Park Boys - Live in F**kin' Dublin,6.2,1548.0
SDU: Sex Duties Unit,5.9,479.0
Theeya Velai Seiyyanum Kumaru,5.1,28.0
Settai,4.5,515.0
Raja Natwarlal,6.1,4280.0
Chhota Bheem in the Incan Adventure,7.4,31.0
Anjaan,5.3,5018.0
Cold Harbour,5.2,211.0
Himmatwala,1.7,8550.0
Na Bangaaru Talli,7.2,160.0
What the Fish,5.2,210.0
My Own Man,6.4,445.0
One by Two,3.9,745.0
The Land of Cards,5.6,407.0
Starting Over Again,8.3,15.0
It Takes a Man and a Woman,6.7,362.0
Chelsea Handler: Uganda Be Kidding Me Live,5.8,1165.0
Wyatt Cenac: Brooklyn,6.3,228.0
Xenos,7.8,
Seven Souls in the Skull Castle,7.3,47.0
D.L. Hughley: Clear,6.9,249.0
Giraffada,6.3,234.0
Bobby Jasoos,5.5,2310.0
Grandmother's Farm,2.9,74.0
Anaamika,5.5,260.0
Mumbai Delhi Mumbai,5.7,354.0
Motu Patlu: Deep Sea Adventure,,
A Place in the Stars,6.2,19.0
That Thing Called Tadhana,7.4,1050.0
Gori Tere Pyaar Mein,4.9,3838.0
Condom Lead,,
She's Dating the Gangster,7.0,1079.0
Deewana Main Deewana,2.6,374.0
Sommore: Chandelier Status,6.6,95.0
E-Team,7.1,873.0
The Royal Bengal Tiger,6.9,874.0
Chhota Bheem & Krishna vs Zimbara,8.6,13.0
Gollu Aur Pappu,3.8,118.0
Todd Glass Talks About Stuff,,
The Amazing Praybeyt Benjamin,4.0,195.0
Diamonds in the Sky,7.4,10.0
Chhota Bheem Neeli Pahaadi,8.5,9.0
Doctor Bello,4.8,54.0
Chhota Bheem Aur Hanuman,7.1,33.0
Chhota Bheem and the ShiNobi Secret,8.6,6.0
Sigaram Thodu,6.1,458.0
Flower Girl,6.0,108.0
Chhota Bheem Dus pe Dus,5.1,23.0
Chhota Bheem the Crown of Valhalla,8.1,14.0
Hunt for the Wilderpeople,7.8,125720.0
Hell or High Water,7.6,224900.0
It Follows,6.8,233165.0
Raw,7.0,72460.0
Kung Fu Panda 3,7.1,152791.0
Ouija: Origin of Evil,5.3,6.0
Nocturnal Animals,7.5,264884.0
The Gift,7.1,151679.0
War Dogs,7.1,208185.0
Blackhat,5.4,58192.0
The Hateful Eight,7.8,570138.0
Crimson Peak,6.5,143899.0
Tangerine,7.1,31385.0
Legend,6.9,175273.0
"Hail, Caesar!",6.3,132821.0
The Edge of Seventeen,7.3,120488.0
Steve Jobs,7.2,166288.0
A Silent Voice: The Movie,8.1,75132.0
London Has Fallen,5.9,155997.0
Mr. Right,6.3,55118.0
Chappie,6.8,247192.0
Christine,6.9,14977.0
Bāhubali: The Beginning,8.0,117333.0
Hush,6.6,123667.0
The Conjuring 2,7.3,260693.0
Gantz:O,7.1,14501.0
Unfriended,5.5,73854.0
In a Valley of Violence,6.0,18452.0
"Hello, My Name Is Doris",6.6,20377.0
A Monster Calls,7.5,86614.0
Under the Shadow,6.8,27125.0
Loving,7.0,34139.0
The Danish Girl,7.1,180805.0
He Never Died,6.4,19936.0
Home,6.6,100705.0
Before I Wake,6.2,45243.0
The Fundamentals of Caring,7.3,70542.0
Winter on Fire: Ukraine's Fight for Freedom,8.3,17710.0
Batman: The Killing Joke,6.4,55806.0
Cop Car,6.3,32547.0
Bastille Day,6.3,42763.0
Sinister 2,5.3,53733.0
Other People,6.8,11243.0
13th,8.2,34914.0
American Ultra,6.1,89912.0
Spectral,6.3,58407.0
"Crouching Tiger, Hidden Dragon: Sword of Destiny",6.1,19275.0
Advantageous,6.2,5378.0
The Bye Bye Man,4.3,23588.0
Beasts of No Nation,7.7,80129.0
Self/less,6.5,98127.0
Collateral Beauty,6.7,99053.0
Team Foxcatcher,7.3,6496.0
"What Happened, Miss Simone?",7.6,13703.0
Circle,6.0,52925.0
The Forest,4.8,42148.0
Demonic,5.3,14882.0
The Siege of Jadotville,7.2,38308.0
Hyena Road,6.5,7665.0
Barry,5.9,7116.0
Into the Inferno,7.2,8512.0
Ip Man 3,7.0,54128.0
Frank & Lola,5.9,6029.0
Blue Jay,7.3,17033.0
Bert Kreischer: The Machine,7.6,1513.0
ARQ,6.3,38463.0
Ratchet & Clank,5.5,10764.0
Dangal,8.4,180247.0
Bill Hicks: Reflections,,
Pee-wee's Big Holiday,6.1,7985.0
Headshot,6.3,14608.0
The Young Messiah,5.6,3542.0
Marauders,5.5,21929.0
White Girl,5.7,10646.0
Our Brand Is Crisis,6.1,22147.0
The Ridiculous 6,4.8,47935.0
Special Correspondents,5.8,23669.0
Jem and the Holograms,4.1,7804.0
Mascots,5.8,7381.0
Mindhorn,6.3,12474.0
The Do-Over,5.7,45146.0
Bo Burnham: Make Happy,8.4,14356.0
7 Years,6.7,4872.0
For the Love of Spock,7.6,4349.0
Suffragette,6.9,41529.0
The Girl King,5.8,4065.0
Boyka: Undisputed IV,,
Dream/Killer,7.4,1938.0
Amanda Knox,6.9,23969.0
Tallulah,6.7,20111.0
By the Sea,5.3,20541.0
Marco Polo: One Hundred Eyes,7.8,10742.0
Ares,6.2,3994.0
Results,5.4,7073.0
I Am the Pretty Thing That Lives in the House,4.6,14491.0
Legends of the Hidden Temple,5.7,896.0
David Brent: Life on the Road,6.3,20005.0
Message from the King,6.4,16180.0
Sebastian Maniscalco: Why Would You Do That?,7.3,1063.0
Sleight,5.9,8644.0
Sniper: Ghost Shooter,,
Middle School: The Worst Years of My Life,6.0,8972.0
Rock the Kasbah,5.5,11963.0
Veteran,7.0,6501.0
A Very Murray Christmas,5.5,15428.0
Kevin Hart: What Now?,5.9,9458.0
Extraction,4.1,11180.0
Tramps,6.5,5460.0
The Warriors Gate,5.4,5057.0
The Dreamseller,6.0,1438.0
LEGO Marvel Super Heroes: Avengers Reassembled!,6.1,843.0
Incarnate,5.2,12918.0
Güeros,7.4,4120.0
Term Life,5.6,7860.0
The Distinguished Citizen,7.5,11495.0
Drishyam,8.2,79075.0
Tig,7.4,2649.0
John Mulaney: The Comeback Kid,7.9,8471.0
Kathleen Madigan: Bothering Jesus,,
Rocco,5.7,3972.0
Minimalism: A Documentary About the Important Things,6.7,15656.0
Fate/Grand Order: First Order,5.7,865.0
Lavender,5.3,7005.0
True Memoirs of an International Assassin,5.9,22466.0
The Darkness,4.5,15848.0
Hot Girls Wanted,6.1,17447.0
High & Low The Movie,6.6,563.0
Anthony Jeselnik: Thoughts and Prayers,,
Pandora,6.6,7304.0
Ok Kanmani,7.5,5722.0
The Lighthouse of the Orcas,6.8,3844.0
Shaun the Sheep: The Farmer's Llamas,6.8,1364.0
The Devil's Mistress,5.8,2325.0
Opening Night,6.0,2610.0
LEGO Jurassic World: The Indominus Escape,,
"Surviving Compton: Dre, Suge and Michel'le",6.6,645.0
Kapoor & Sons,7.7,25792.0
Baaghi,5.3,8826.0
Mercy,4.1,3402.0
Our Lovers,6.7,4140.0
Septembers of Shiraz,7.9,38.0
Ordinary World,5.5,3034.0
Dhanak,7.9,3893.0
The Visit,,
Jeff Foxworthy & Larry the Cable Guy: We've Been Thinking,5.6,614.0
Demetri Martin: Live (At The Time),7.4,2163.0
Brothers,6.4,12886.0
Rebirth,4.9,5156.0
Audrie & Daisy,7.2,6586.0
Riot,5.1,3332.0
Anjelah Johnson: Not Fancy,5.7,686.0
Colin Quinn: The New York Story,6.8,990.0
Divines,7.4,9739.0
MindGamers,3.6,1093.0
Tony Robbins: I Am Not Your Guru,6.7,4335.0
I Am Michael,5.6,5495.0
Justin Timberlake + The Tennessee Kids,7.8,2173.0
Heneral Luna,7.4,2089.0
Un + une,6.2,2279.0
Mucize,7.7,12395.0
The Heirs,5.7,224.0
Gabriel Iglesias: I'm Sorry for What I Said When I Was Hungry,7.4,2519.0
In the Shadow of Iris,6.1,4256.0
Jim Jefferies: Freedumb,7.7,5393.0
Force 2,6.2,5501.0
Couple Of Days,6.4,21.0
3000 Nights,7.1,676.0
6 Years,5.6,12441.0
Tamasha,7.4,26790.0
Manson Family Vacation,5.8,2965.0
Garfunkel and Oates: Trying to be Special,7.3,899.0
Strange Weather,6.0,1499.0
Rainbow Time,5.9,710.0
Extremis,,
Much Loved,6.2,2722.0
Always Be My Maybe,6.7,372.0
The Guardian Brothers,5.4,2100.0
"Chatô, The King of Brazil",5.4,18.0
Open Season: Scared Silly,,
Riphagen the Untouchable,7.1,7701.0
The 101-Year-Old Man Who Skipped Out on the Bill and Disappeared,6.3,5976.0
Udta Punjab,7.8,29819.0
Toro,5.9,3209.0
Jeff Dunham: Unhinged in Hollywood,6.7,713.0
Tom Segura: Mostly Stories,7.5,3508.0
Hunterrr,7.0,6199.0
Colin Quinn: Unconstitutional,7.0,465.0
Keith Richards: Under the Influence,7.1,3357.0
Ralphie May: Unruly,,
Mohenjo Daro,5.6,11595.0
4K Fireplace,7.7,48.0
Zip & Zap and the Captain's Island,5.8,605.0
Smoke & Mirrors,6.9,7900.0
I Called Him Morgan,7.3,1785.0
The Next Skin,6.2,1820.0
Belgica,6.7,4478.0
Taxi Driver,6.0,68.0
XOXO,5.3,6981.0
The White Helmets,,
Ali Wong: Baby Cobra,7.5,6925.0
The Lion Woman,6.6,1408.0
Prem Ratan Dhan Payo,4.4,21487.0
The Beginning of Life,7.6,934.0
Pyaar Ka Punchnama 2,7.3,14968.0
Chris Tucker: Live,6.3,1936.0
Schubert in Love,5.0,356.0
Dinosaur World,,
Raman Raghav 2.0,7.4,14380.0
Slam,6.1,1308.0
Gridlocked,5.8,4570.0
Jessica Darling's It List,5.5,973.0
Chocolate City: Vegas Strip,3.7,297.0
Journey to Greenland,6.3,1336.0
Fifty,6.1,259.0
All About Asado,6.5,566.0
Phantom,5.9,9145.0
The Ivory Game,7.9,3243.0
HiGH&LOW: The Red Rain,6.2,277.0
Lens,6.6,1212.0
Selfie 69,6.1,1700.0
Ali Baba and the 7 Dwarfs,5.8,19834.0
Ghost Patrol,5.1,221.0
Talvar,8.1,34659.0
"Liar, Liar, Vampire",5.8,940.0
I'll Sleep When I'm Dead,6.6,1358.0
Dil Dhadakne Do,7.0,17149.0
Wazir,7.2,18681.0
Cosmos Laundromat,,
The Worthy,5.1,1981.0
Kyaa Kool Hain Hum 3,1.9,4341.0
Chronically Metropolitan,5.0,1503.0
1898: Our Last Men in the Philippines,6.5,3281.0
Sofía Niño de Rivera: Exposed,7.3,299.0
Russell Peters: Almost Famous,6.5,1882.0
Ludo,2.8,825.0
Everything About Her,7.1,328.0
#FollowFriday,2.7,382.0
Eddie: Strongman,7.4,1158.0
Gabbar Is Back,7.2,24676.0
The Massively Mixed-Up Middle School Mystery,7.3,78.0
Jonah,5.4,230.0
Motu Patlu: King Of Kings,6.8,157.0
Sen Benim HerŞeyimsin,6.2,2667.0
Barakah Meets Barakah,6.3,1681.0
Fitoor,5.4,4787.0
Jen Kirkman: I'm Gonna Die Alone (And I Feel Fine),6.8,1506.0
Puerto Ricans in Paris,5.3,1824.0
Reggie Watts: Spatial,6.0,503.0
You Are My Sunday,7.8,1649.0
Layla M.,6.7,1692.0
Asperger's Are Us,6.6,737.0
Honeytrap,5.9,758.0
City of Joy,7.5,525.0
ABCD 2,5.4,6258.0
Iliza Shlesinger: Freezing Hot,6.8,2572.0
Carlos Ballarta: el amor es de putos,7.0,232.0
Offline: Are You Ready for the Next Level?,5.0,775.0
Olmo and the Seagull,7.2,674.0
7:19,5.9,644.0
Born in Syria,7.7,279.0
Te3n,7.3,12816.0
The Doll,5.2,738.0
Brother Jekwu,,
Clair Obscur,6.5,2374.0
Pettson and Findus: The Best Christmas Ever,5.5,353.0
U Turn,7.5,3310.0
I Love You,4.7,983.0
Ordinary People,7.3,498.0
Poshter Girl,6.6,328.0
Shaandaar,3.6,5612.0
Hawaizaada,5.6,1910.0
Very Big Shot,7.1,1395.0
Joe Rogan: Triggered,7.4,4447.0
X: Past Is Present,5.1,699.0
David Cross: Making America Great Again,6.4,1647.0
100 Meters,7.5,6167.0
Iliza Shlesinger: Confirmed Kills,6.6,2865.0
Breaking the Bank,4.8,928.0
Hannibal Buress: Comedy Camisado,6.6,1517.0
Bangistan,4.5,1273.0
Lang Tong,4.8,307.0
"Trailer Park Boys: Drunk, High and Unemployed: Live In Austin",6.5,1036.0
Kiss of Life,5.9,1248.0
S Storm,5.2,697.0
Hans Teeuwen: Echte Rancune,,
Theo Von: No Offense,5.6,864.0
Mike Epps: Don't Take It Personal,4.4,274.0
Husband Factor,6.2,5031.0
Michael Che Matters,7.2,2586.0
Aziz Ansari: Live at Madison Square Garden,6.6,3247.0
Katti Batti,4.7,3137.0
Ave Maria,,
Patton Oswalt: Talking for Clapping,6.8,1971.0
Husband Factor: Resurrection,5.4,297.0
XV Beyond the Tryline,6.8,75.0
"Dana Carvey: Straight White Male, 60",6.4,1483.0
A Second Chance,8.6,47.0
Soul Thieves,5.0,275.0
Umrika,6.6,1463.0
Wedding Association 2: Circumcision,6.4,10261.0
One in a Billion,6.7,543.0
Frank and Cindy,6.1,855.0
Niyazi Gül Dörtnala,4.5,3170.0
Brent Morin: I'm Brent Morin,6.5,688.0
My Mother's Wound,7.3,3620.0
Saawan,7.4,239.0
Beauty and the Bestie,4.8,294.0
The CEO,5.7,121.0
Sam Kinison: The Scream Continues,6.1,39.0
Sila Samayangalil,5.5,30.0
Ricardo O'Farrill: Abrazo Genial,5.5,113.0
Brahman Naman,5.5,1884.0
Dedemin Fişi,5.5,3524.0
My Stupid Boss,7.2,1511.0
Love O2O,6.4,998.0
Ojukokoro (Greed),6.7,62.0
Aerials,1.5,382.0
Jimmy Carr: Funny Business,,
Santa Pac's Merry Berry Day,,
Cedric the Entertainer: Live from the Ville,6.0,681.0
The Blind Christ,5.8,273.0
Black,4.4,74.0
Souk Bazaar,5.2,1891.0
Dharam Sankat Mein,6.3,2237.0
Saudi Arabia Uncovered,,
#Rucker50,5.2,117.0
The Tour,,
Barcelona: A Love Untold,6.9,749.0
Project Marathwada,6.6,88.0
Gang of the Caribbean,5.1,294.0
Budhia Singh: Born to Run,7.6,1479.0
Crazy Beautiful You,7.2,828.0
Kara Bela,6.8,8920.0
Road To High & Low,6.7,177.0
The Breakup Playlist,6.5,303.0
Vince & Kath & James,6.9,371.0
Sommore: The Reign Continues,6.9,76.0
The Last Egg,4.8,98.0
Ricardo O'Farrill: abrazo navideño,5.7,67.0
You're My Boss,6.3,272.0
Everyday I Love You,7.1,491.0
Triumph in the Skies,4.3,368.0
The Super Parental Guardians,4.5,204.0
Gbomo Gbomo Express,5.0,50.0
Chris D'Elia: Incorrigible,6.4,1535.0
Virunga: Gorillas in Peril,6.6,32.0
Thomas & Friends: Full Steam To The Rescue!,,
Cristina,,
Janoskians: Untold and Untrue,3.7,160.0
Dieter Nuhr: Nuhr in Berlin,4.8,67.0
Santa Banta Pvt Ltd,2.7,282.0
'76,5.6,220.0
Chhota Bheem in African Safari,6.5,12.0
Grandmother's Farm Part 2,5.3,59.0
Jandino: Whatever it Takes,4.5,30.0
The Unmarried Wife,5.8,188.0
The Love Affair,6.2,256.0
Pac’s Scary Halloween,,
,,
Snervous Tyler Oakley,5.4,473.0
Meet The in-Laws,6.0,23.0
Oloibiri,5.1,183.0
A Chaster Marriage,5.4,874.0
Hajwala: The Missing Engine,2.1,250.0
The Arbitration,5.1,121.0
Just the Way You Are,6.3,502.0
The Third Party,6.1,267.0
Lakeeran,6.2,33.0
Love Is a Story,6.0,365.0
A Man Returned,,
Time Out,6.0,399.0
Jada,5.3,157.0
Blade Runner 2049,8.0,539864.0
Sorry to Bother You,6.9,75653.0
Dunkirk,7.8,619645.0
Wind River,7.7,240408.0
Molly's Game,7.4,165817.0
Den of Thieves,7.0,107701.0
Phantom Thread,7.4,128600.0
Lady Bird,7.4,277165.0
The Ritual,6.3,92788.0
Darkest Hour,7.4,193208.0
The Nightingale,7.3,28196.0
How It Ends,5.0,51513.0
The Disaster Artist,7.3,149604.0
Ghostland,6.4,30444.0
Perfect Bid: The Contestant Who Knew Too Much,6.6,2176.0
The Ballad of Buster Scruggs,7.3,141528.0
Okja,7.3,116305.0
The Bad Batch,5.2,30785.0
Shot Caller,7.3,83961.0
The Shack,6.2,35406.0
Roma,7.7,153508.0
Crooked House,6.3,23327.0
The Beguiled,6.8,21.0
What Happened to Monday,6.8,120311.0
The Foreigner,7.0,112487.0
Apostle,6.3,51038.0
Icarus,7.9,48672.0
The Package,5.5,17226.0
Mary Magdalene,5.9,10234.0
Gerald's Game,6.5,104894.0
Level 16,6.0,11118.0
The Invisible Guest,8.0,170351.0
The Cloverfield Paradox,5.5,102759.0
I Don't Feel at Home in This World Anymore,6.9,55549.0
Abducted in Plain Sight,6.8,18165.0
Annabelle: Creation,6.5,129883.0
The Witch: Part 1. The Subversion,7.1,9862.0
Kodachrome,6.8,16482.0
Calibre,6.8,27622.0
I Am Not Your Negro,7.9,21632.0
Bird Box,6.6,325194.0
The Zookeeper's Wife,7.0,42808.0
Outlaw King,6.9,69834.0
Veronica,6.2,40254.0
Beirut,6.4,21843.0
The Night Comes for Us,6.9,25500.0
Destination Wedding,6.0,28933.0
Cam,5.9,31042.0
The Meyerowitz Stories (New and Selected),6.9,47971.0
Malevolent,4.8,13290.0
The Babysitter,6.4,86953.0
When We First Met,6.4,48215.0
Extinction,5.8,51781.0
To All the Boys I've Loved Before,7.1,101175.0
Cargo,6.3,42722.0
Everybody Knows,6.9,34009.0
The Guernsey Literary & Potato Peel Pie Society,7.3,44917.0
1922,6.2,60982.0
Home Again,5.8,31620.0
Mudbound,7.4,47676.0
The Book of Henry,6.5,27052.0
"Jim & Andy: The Great Beyond - Featuring a Very Special, Contractually Obligated Mention of Tony Clifton",7.7,25593.0
Berlin Syndrome,6.2,24733.0
Anon,6.1,42608.0
Replicas,5.5,37340.0
Private Life,7.2,19023.0
Beyond Skyline,5.3,21540.0
A Futile and Stupid Gesture,6.7,15750.0
Mirai,7.0,14983.0
The Strangers: Prey at Night,5.2,30499.0
King of Thieves,5.5,14081.0
Hold the Dark,5.6,36500.0
Black Mirror: Bandersnatch,7.1,123377.0
RBG,7.6,14037.0
Bāhubali 2: The Conclusion,8.2,91560.0
The Perfection,6.1,41508.0
The Discovery,6.2,33579.0
The Kindergarten Teacher,6.7,15683.0
Wheelman,6.4,19951.0
Mirage,7.4,52657.0
Set It Up,6.5,49880.0
An Evening with Beverly Luff Linn,5.8,5457.0
The Delivery Boy,6.2,74.0
Little Italy,5.7,14492.0
The Outsider,6.2,25223.0
Skins,6.1,5686.0
Hannah Gadsby: Nanette,8.1,12035.0
Banana Split,6.2,3190.0
Creep 2,6.4,24468.0
Dumplin',6.5,33206.0
Shirkers,7.4,5020.0
The After Party,5.7,4348.0
Red Joan,6.4,12124.0
Mute,5.4,34788.0
Hell Fest,5.5,16610.0
Small Town Crime,6.6,11167.0
Adrift,6.6,54750.0
Happy as Lazzaro,7.5,17716.0
A Bad Moms Christmas,5.6,49478.0
A-X-L,5.3,11785.0
The Other Side of the Wind,6.7,7104.0
Ravenous,5.8,9154.0
22 July,6.8,33246.0
Victoria & Abdul,6.8,35458.0
May the Devil Take You,5.9,4209.0
Buster's Mal Heart,6.2,10490.0
Death Note,4.5,83519.0
Bright,6.3,183841.0
The Incredible Jessica James,6.5,7496.0
The Kissing Booth,5.9,81639.0
Handsome Devil,7.0,13708.0
Sand Castle,6.3,22854.0
Errementari: The Blacksmith and the Devil,6.4,11561.0
Holy Camp!,6.2,3986.0
"Game Over, Man!",5.4,29773.0
Forgotten,7.4,29804.0
Piercing,5.5,7534.0
On Body and Soul,7.5,27003.0
Mowgli: Legend of the Jungle,6.5,60870.0
No Escape Room,5.0,4277.0
Goon: Last of the Enforcers,5.8,13476.0
Ricky Gervais: Humanity,7.9,18523.0
Trolls Holiday,6.2,2725.0
To the Bone,6.8,47025.0
The Bar,6.3,25934.0
Siberia,4.3,15038.0
Woodshock,4.2,1933.0
War Machine,6.0,45972.0
Illang: The Wolf Brigade,5.9,5073.0
Security,5.7,18618.0
Newness,6.3,16459.0
The Breaker Upperers,5.9,6008.0
Joan Didion: The Center Will Not Hold,7.4,2596.0
Clive Davis: The Soundtrack of Our Lives,7.5,950.0
We the Animals,6.9,4181.0
Welcome Home,5.2,7387.0
Midnight Sun,6.6,29565.0
Unicorn Store,5.5,19140.0
Tau,5.8,30611.0
Brain on Fire,6.6,21164.0
If I Leave Here Tomorrow: A Film About Lynyrd Skynyrd,7.9,1285.0
Bathtubs Over Broadway,7.6,1065.0
What the Health,7.4,28911.0
Duck Butter,5.3,3909.0
The Long Dumb Road,6.1,3172.0
Bill Nye: Science Guy,6.5,1208.0
Mr. Roosevelt,6.2,3320.0
John Mulaney: Kid Gorgeous at Radio City,7.9,7696.0
Win It All,6.2,9108.0
Andhadhun,8.2,88359.0
In Darkness,5.7,13098.0
Shimmer Lake,6.3,14098.0
The Debt Collector,5.8,7344.0
Orbiter 9,5.9,7586.0
Day of the Dead: Bloodline,3.4,11841.0
Lovesong,6.3,4908.0
Reversing Roe,7.5,1281.0
First They Killed My Father,7.2,17871.0
The Titan,4.8,30698.0
Girlfriend's Day,5.2,4197.0
Animal Crackers,5.8,3352.0
Dude,5.2,6873.0
My Happy Family,7.4,3826.0
Unrest,7.6,2904.0
iBoy,6.0,22594.0
Ibiza,5.2,17194.0
The Resurrection of Gavin Stone,6.2,2233.0
Strong Island,6.4,3849.0
Bad Genius,7.6,20430.0
Godzilla: The Planet Eater,5.0,4158.0
Blame!,6.6,7968.0
Bullet Head,5.4,9954.0
The Photographer of Mauthausen,6.7,10466.0
The Most Hated Woman in America,6.1,6540.0
River's Edge,6.2,942.0
Godzilla: Planet of the Monsters,6.0,8451.0
Girl,7.1,14046.0
Acts of Vengeance,5.7,11971.0
Bleach,6.4,11406.0
Our Souls at Night,6.9,13360.0
Psychokinesis,5.9,5519.0
"Oh, Hello on Broadway",7.7,3106.0
Birth of the Dragon,5.6,8112.0
Little Evil,5.7,21009.0
Gaga: Five Foot Two,7.0,12825.0
Fullmetal Alchemist,5.2,19493.0
The Angel,6.6,14013.0
Benji,6.3,4544.0
White Fang,6.9,3634.0
The Resistance Banker,6.9,9273.0
The Land of Steady Habits,6.2,7566.0
Steve Martin and Martin Short: An Evening You Will Forget for the Rest of Your Life,7.1,2556.0
Clinical,5.1,7904.0
The Battleship Island,7.1,7005.0
Lu Over the Wall,6.8,2189.0
Hampstead,6.0,6254.0
Reprisal,4.2,7248.0
Like Father,6.1,21202.0
MILF,4.8,6047.0
The Open House,3.2,33769.0
Catfight,5.9,6251.0
"My Teacher, My Obsession",4.4,2289.0
Take Me,6.1,5566.0
MFKZ,6.7,4263.0
Steel Rain,7.1,5434.0
Sad Hill Unearthed,7.4,1593.0
Zero,5.2,27208.0
The Christmas Chronicles,7.0,71182.0
Nothing to Hide,6.8,14876.0
Patrick,6.2,150.0
The Ottoman Lieutenant,6.4,25582.0
Casting JonBenet,6.1,5384.0
The World Is Yours,6.3,4246.0
Long Shot,7.4,7734.0
Outside In,6.7,4611.0
Next Gen,6.6,16964.0
The Saint,4.9,6555.0
Voyeur,6.2,5922.0
Get Me Roger Stone,7.4,7333.0
Hey Arnold! The Jungle Movie,7.5,3139.0
Irreplaceable You,6.4,9442.0
Amar,5.1,4397.0
Tig Notaro: Happy To Be Here,6.6,1327.0
Carrie Pilby,6.7,11311.0
Fun Mom Dinner,5.3,5509.0
I Am Jonas,7.0,5598.0
Springsteen On Broadway,8.5,2178.0
Te Ata,7.4,736.0
Cuba and the Cameraman,8.3,4715.0
Indian Horse,7.3,2105.0
I Am Not an Easy Man,6.3,14146.0
The Forgiven,5.9,2427.0
You Get Me,4.7,12740.0
The Climb,6.9,7383.0
Sarah Silverman: A Speck of Dust,6.9,3711.0
Hasan Minhaj: Homecoming King,8.2,7120.0
Modest Heroes,6.6,2646.0
Mercury 13,6.9,1160.0
The Fortress,6.8,2435.0
Godzilla: City on the Edge of Battle,5.8,4824.0
Quincy,7.6,4488.0
Struggle: The Life and Lost Art of Szukalski,7.9,4082.0
The Outcasts,5.4,4426.0
The Invisible Guardian,6.4,15541.0
Bending the Arc,8.0,314.0
"Take the Ball, Pass the Ball",8.0,3064.0
Adam Sandler: 100% Fresh,7.5,5096.0
An Imperfect Murder,3.1,1594.0
Mike Birbiglia: Thank God for Jokes,7.4,2465.0
Sky Ladder: The Art of Cai Guo-Qiang,7.3,1436.0
Gnome Alone,5.6,3410.0
Neal Brennan: 3 Mics,7.8,3228.0
Sandy Wexler,5.2,16603.0
WHAT DID JACK DO?,,
The Week Of,5.2,21481.0
Naked,5.4,19366.0
The Bleeding Edge,7.6,2671.0
Taylor Swift: Reputation Stadium Tour,8.3,5293.0
Toc Toc,6.8,18484.0
John Leguizamo's Latin History for Morons,7.4,738.0
And Breathe Normally,6.9,3020.0
The Awakening of Motti Wolkenbruch,6.6,4255.0
Charming,5.6,3467.0
Giant,6.7,4153.0
Solo,5.0,2747.0
The Killer,6.0,2642.0
Flavors of Youth,6.6,7206.0
The Polka King,5.9,10428.0
The Legacy of a Whitetail Deer Hunter,5.5,3909.0
Come Sunday,6.0,2287.0
The Death and Life of Marsha P. Johnson,7.2,2881.0
Monster High: Electrified,5.5,300.0
Mersal,8.1,32573.0
Fred Armisen: Standup for Drummers,5.8,1276.0
Perdida,5.6,4684.0
Sarkar,7.0,18453.0
Camarón: The Film,7.5,303.0
S.W.A.T.: Under Siege,4.5,3524.0
High Society,5.5,984.0
Generation Iron 3,6.2,3333.0
Whose Streets?,5.5,1337.0
One of Us,7.0,6482.0
The Rachel Divide,6.3,2512.0
My Masterpiece,7.1,5934.0
Brian Regan: Nunchucks and Flamethrowers,6.3,679.0
Alex Strangelove,6.3,17305.0
Lowriders,5.6,2519.0
End Game,,
Chris Rock: Tamborine,6.6,6816.0
Your Son,6.1,4708.0
Justice,4.0,1208.0
NY Prison Break: The Seduction of Joyce Mitchell,5.6,322.0
Tom Segura: Disgraceful,7.5,3695.0
It's for Your Own Good,5.5,2284.0
Sierra Burgess Is a Loser,5.8,38319.0
Battle,5.9,4139.0
The Seven Deadly Sins: Prisoners of the Sky,7.1,4649.0
Christmas Inheritance,5.7,11693.0
Jo Koy: Live from Seattle,7.1,1322.0
Puss in Book: Trapped in an Epic Tale,,
Okko's Inn,7.0,1803.0
Christmas in the Heartland,5.9,1414.0
How to Be Really Bad,6.2,1076.0
A Christmas Prince,5.7,19456.0
The Stolen,5.3,1330.0
Father of the Year,5.2,11281.0
Killing Hasselhoff,4.4,2655.0
Pottersville,5.4,4674.0
Thi Mai,6.0,2504.0
Paradise Lost,6.9,674.0
Derren Brown: Sacrifice,7.1,1786.0
Yucatán,5.5,2065.0
A Twelve-Year Night,7.5,9816.0
Happy Anniversary,5.7,4219.0
Maria Bamford: Old Baby,6.1,945.0
Rock my Heart,6.5,984.0
Us and Them,7.4,4026.0
Manhunt,5.2,3210.0
The B-Side: Elsa Dorfman's Portrait Photography,6.7,743.0
A Very Country Christmas,6.0,1622.0
Greg Davies: You Magnificent Beast,7.1,2328.0
When Angels Sleep,5.5,3619.0
Bert Kreischer: Secret Time,7.3,2307.0
Show Dogs,3.9,4653.0
Escape from Mr. Lemoncello's Library,5.4,440.0
Bhavesh Joshi Superhero,7.7,8587.0
Amateur,5.9,4303.0
Fireworks,5.6,3147.0
Pachamama,6.8,848.0
Lust Stories,6.4,10725.0
All I Wish,5.2,1564.0
"Ram Dass, Going Home",,
The Clapper,5.1,7425.0
Chasing Coral,8.1,5143.0
Disconnect,5.3,117.0
Take Your Pills,6.3,5048.0
Raees,6.7,43835.0
Bad Seeds,7.3,5407.0
A Miraculous Christmas Special: Tales of Ladybug and Cat Noir,,
Animal World,6.5,4367.0
Seeking a Man,6.3,602.0
Toilet: A Love Story,7.2,20675.0
6 Balloons,5.9,4087.0
#realityhigh,5.2,6283.0
Seth Rogen's Hilarity for Charity,5.0,2360.0
Stree,7.6,32814.0
Wedding Unplanned,5.7,1610.0
Close Enemies,6.4,2607.0
The Mitfords: A Tale of Two Sisters,,
The Tree of Blood,6.4,2934.0
They'll Love Me When I'm Dead,7.4,4953.0
Nappily Ever After,6.4,9139.0
Bomb Scared,5.7,2846.0
Handsome: A Netflix Mystery Movie,5.2,4465.0
Lommbock,6.7,3647.0
Maktub,7.3,2831.0
Black Is Beltza,5.8,292.0
The Legend of Cocaine Island,6.3,3287.0
Mom,7.2,10320.0
Half Girlfriend,4.6,7090.0
The Motive,6.5,5713.0
Lady J,6.8,3306.0
Right Here Right Now,5.4,311.0
Shéhérazade,7.0,2195.0
Shepherds and Butchers,6.8,3460.0
The Most Unknown,6.6,2067.0
A Fortunate Man,7.2,6093.0
LEGO Marvel Super Heroes: Guardians of the Galaxy - The Thanos Threat,5.9,444.0
Out of Thin Air,6.3,2271.0
"Ron White: If You Quit Listening, I'll Shut Up",6.5,827.0
Sir,7.7,6893.0
Secret Superstar,7.9,24046.0
Pope Francis: A Man of His Word,6.4,2240.0
Demetri Martin: The Overthinker,7.2,1697.0
Katt Williams: Great America,6.2,940.0
Sahara,5.5,2778.0
Budapest,5.4,2893.0
El Camino Christmas,5.7,8519.0
BuyBust,5.8,1874.0
Patton Oswalt: Annihilation,7.2,2367.0
Ali's Wedding,6.9,4959.0
Amy Schumer: The Leather Special,3.0,9753.0
Aapla Manus,7.0,922.0
Bibi & Tina: Perfect Pandemonium,4.0,457.0
Retablo,7.5,1711.0
The American Meme,6.8,17034.0
Holy Goalie,5.3,1603.0
Burn Out,6.2,3718.0
The Tribe,5.8,2627.0
Family Blood,4.2,2934.0
Barbie: Dolphin Magic,,
Break,5.8,1144.0
Derren Brown: The Push,7.5,3637.0
First Match,6.4,2242.0
Point Blank,5.7,14184.0
The Warning,5.9,6278.0
The Princess Switch,6.0,27650.0
Sanju,7.7,52227.0
LEGO Marvel Super Heroes: Black Panther - Trouble in Wakanda,5.6,551.0
My Perfect Romance,4.6,3012.0
The Drug King,6.2,3103.0
Nigerian Prince,5.8,383.0
Sun Dogs,6.2,2284.0
A Witches' Ball,5.2,376.0
Ittefaq,7.2,12095.0
The Chase,6.6,2957.0
Limitless,,
Eerie,4.6,2297.0
Going for Gold,4.8,537.0
Judwaa 2,3.6,10517.0
The Milk System,7.0,525.0
Ronnie Coleman: The King,7.0,3730.0
Nobody Speak: Trials of the Free Press,6.5,4092.0
Bareilly Ki Barfi,7.5,23011.0
Duck Duck Goose,5.7,3686.0
Revenger,5.7,4252.0
Little Boxes,5.9,1971.0
Jerry Before Seinfeld,7.0,5643.0
"Norm Macdonald: Hitler's Dog, Gossip & Trickery",7.4,2868.0
Mustang Island,6.2,522.0
The Laws of Thermodynamics,6.0,2726.0
Edge of Fear,4.5,3124.0
Nothing to Lose,2.3,23016.0
Uncertain Glory,6.2,943.0
Expedition Happiness,5.9,4483.0
Taramani,7.5,1605.0
Step Sisters,5.4,4460.0
Dovlatov,6.4,1974.0
Hot Sweet Sour,6.1,2450.0
SPF-18,3.2,5122.0
Samouni Road,6.7,160.0
My Birthday Song,5.6,282.0
ReMastered: Tricky Dick & The Man in Black,7.1,1463.0
Joe Rogan: Strange Times,7.3,4300.0
Alaska Is a Drag,6.5,386.0
Rangoon,5.7,4690.0
A Christmas Prince: The Royal Wedding,5.3,10658.0
Something Huge,4.4,479.0
Trevor Noah: Son of Patricia,7.3,3970.0
Raising the Bar,5.5,1545.0
Pup Star: Better 2Gether,4.4,234.0
Jab Harry Met Sejal,5.0,20501.0
Kuroko's Basketball the Movie: Last Game,7.7,2445.0
Tottaa Pataaka Item Maal,7.6,8051.0
Pihu,6.7,2411.0
Isoken,6.6,306.0
The Little Vampire 3D,5.4,1687.0
Armed to the Teeth,7.9,634.0
Spyder,6.3,10230.0
Saving Capitalism,6.8,3157.0
Carbone,6.5,2550.0
Ali Wong: Hard Knock Wife,7.3,4874.0
The Last Shaman,6.6,1865.0
Feminists: What Were They Thinking?,6.9,2196.0
Dany Boon: Des Hauts-De-France,6.2,91.0
Quién te cantará,6.9,2854.0
Barbra: The Music ... The Mem'ries ... The Magic!,7.5,448.0
Russell Brand: Re:Birth,6.5,1193.0
Katherine Ryan: In Trouble,7.0,2165.0
Heroin(e),,
The 3rd Eye,5.1,1373.0
Small Crimes,5.8,7948.0
Ee Nagaraniki Emaindi,7.9,2817.0
Gun City,6.3,3819.0
Craig Ferguson: Tickle Fight,6.6,995.0
El club de los buenos infieles,5.5,642.0
Deidra & Laney Rob a Train,6.0,1887.0
Jagga Jasoos,6.4,10092.0
Candy Jar,5.8,4950.0
Christmas Wedding Planner,4.3,5913.0
Parmanu: The Story of Pokhran,7.6,23771.0
F.R.E.D.I.,4.9,1010.0
"Roxanne, Roxanne",6.2,3173.0
Rip Tide,5.5,3421.0
Jeff Dunham: Relative Disaster,6.4,1274.0
The Insomnia Club,6.2,497.0
Rodney Carrington: Here Comes the Truth,4.5,164.0
ReMastered: Who Shot the Sheriff,6.9,1381.0
Angela's Christmas,,
What We Started,7.1,2126.0
Marc Maron: Too Real,7.2,1916.0
Christina P: Mother Inferior,6.4,941.0
Baazaar,6.5,5270.0
Getaway Plan,5.6,1850.0
Bill Burr: Walk Your Way Out,7.2,7123.0
Trevor Noah: Afraid of the Dark,7.2,5121.0
The Plagues of Breslau,5.9,4942.0
Period. End of Sentence.,,
Qarib Qarib Singlle,7.1,8203.0
Joy,6.6,1293.0
Zoo,5.7,96.0
Forgive Us Our Debts,6.2,1573.0
Derren Brown: Miracle,6.5,1031.0
Angamaly Diaries,8.0,5901.0
Perú: Tesoro Escondido,6.1,515.0
Dry Martina,5.8,965.0
Sara's Notebook,5.9,2699.0
HiGH&LOW The Movie 2: End of Sky,7.1,396.0
Sand Storm,6.8,3492.0
CIA: Comrade In America,6.4,3064.0
The Art of Loving: Story of Michalina Wislocka,7.1,3690.0
ReMastered: Who Killed Jam Master Jay?,6.5,768.0
Love Beats Rhymes,5.4,1057.0
Burning Sands,6.0,2828.0
Judd Apatow: The Return,6.2,1321.0
Up Among the Stars,6.2,496.0
Sabrina,4.2,1712.0
Jailbreak,5.4,1445.0
Secrets in the Hot Spring,6.0,749.0
III Smoking Barrels,6.6,123.0
Iliza Shlesinger: Elder Millennial,7.2,4033.0
Amelia: A Tale of Two Sisters,,
Manto,7.3,4222.0
The Skin of the Wolf,5.8,3019.0
Being Napoleon,5.5,124.0
El testigo,8.1,210.0
All Good,6.5,1416.0
Paradox,3.9,711.0
Monster Island,4.7,728.0
Invisible,6.0,763.0
Counterpunch,6.7,903.0
Weed the People,7.3,332.0
Dear Ex,7.3,6143.0
Rory Scovel Tries Stand-Up for the First Time,6.7,821.0
Cycle,8.2,479.0
How to Stage a Coup,6.1,172.0
Qismat,8.1,3037.0
Milada,6.3,1302.0
Romina,2.3,2282.0
The Most Assassinated Woman in the World,5.3,1076.0
Jackie: A Tale of Two Sisters,,
B. A. Pass 2,2.2,475.0
A 3 Minute Hug,,
Aggretsuko: We Wish You A Metal Christmas,,
Kalushi : The Story of Solomon Mahlangu,6.5,309.0
Franco Escamilla: Por La Anécdota,6.9,302.0
"Michael Bolton's Big, Sexy Valentine's Day Special",6.7,2102.0
A Champion Heart,5.9,395.0
The Russian Revolution,6.5,642.0
On My Skin,7.3,9159.0
Love per Square Foot,7.2,8187.0
The Mansion,4.6,2592.0
Lucid Dream,6.1,3575.0
In the Family,7.7,23297.0
Jefe,5.4,1073.0
The Gift,8.1,20.0
Dear Son,6.5,388.0
Mission Kathmandu: The Adventures of Nelly & Simon,5.1,434.0
Baadshaho,5.0,4783.0
Love.com,5.8,737.0
Ex-Shaman,7.1,245.0
Recovery Boys,6.7,714.0
Christmas with a Prince,5.2,1627.0
Buddy Thunderstruck: The Maybe Pile,,
Bayonet,5.7,549.0
Frat Star,3.6,659.0
A Sort of Family,6.3,694.0
Sudani from Nigeria,8.2,4159.0
Kuntilanak,4.6,651.0
The Last Hour,6.3,522.0
Njan Prakashan,7.6,4304.0
The Crossing,7.5,
The Holiday Calendar,5.7,9985.0
Cities of Last Things,6.2,1615.0
The Trader,,
Seeing Allred,7.2,1338.0
The Grown-Ups,7.6,251.0
Christmas with a View,5.1,4544.0
Paranormal Investigation,3.7,1652.0
Carlos Ballarta: furia ñera,7.2,212.0
C/o Kancharapalem,9.0,6562.0
Animas,,
Coin Heist,4.8,2638.0
Semesta,7.3,111.0
Rajma Chawal,5.7,1815.0
Sofía Niño de Rivera: Natural Selection,6.9,237.0
Unbridled,5.1,498.0
The Mars Generation,6.5,989.0
Deranged,3.5,11.0
El Diesel,4.5,437.0
Time Share,5.9,2762.0
The Wishing Tree,5.7,92.0
Overnight Republic,5.8,4632.0
Been So Long,5.4,1100.0
Gad Elmaleh: American Dream,7.2,1028.0
Maz Jobrani: Immigrant,6.7,840.0
Love Jacked,5.9,2142.0
Michael Lost and Found,,
Kartini: Princess of Java,7.6,511.0
Resurface,7.1,286.0
Laerte-se,7.0,688.0
Take the 10,4.7,3130.0
Ladies First,3.9,25.0
Dismissal,5.0,973.0
Sunday's Illness,6.9,3484.0
Target,3.9,496.0
Liberated: The New Sexual Revolution,6.0,1502.0
Naam Shabana,6.2,6712.0
Born Racer,6.1,256.0
The Girl Allergic to Wi-Fi,6.3,290.0
HiGH&LOW The Movie 3: Final Mission,7.7,636.0
Kevin James: Never Don't Give Up,6.1,1448.0
Sylvia,4.7,126.0
Suzzanna: Buried Alive,5.5,894.0
The Doll 2,5.2,534.0
How to Get Over a Breakup,6.1,1972.0
Cook Off,6.1,337.0
Weapon of Choice,4.8,162.0
All the Reasons to Forget,6.2,523.0
The Lost Brother,6.5,1690.0
D.L. Hughley: Contrarian,6.6,606.0
Hometown Holiday,5.0,994.0
Zion,,
Can't Help Falling in Love,7.2,889.0
Blanche Gardin: I Talk to Myself,7.9,133.0
Fishtronaut: The Movie,7.5,72.0
Gad Gone Wild,6.9,396.0
Awe!,7.8,4967.0
Pad Man,7.9,25269.0
Jack Whitehall: At Large,6.9,2094.0
Sparring,6.4,614.0
My Travel Buddy,6.1,6656.0
Tiffany Haddish: She Ready! From the Hood to Hollywood!,6.6,526.0
God Calling,,
Party Monster: Scratching the Surface,,
Catching Feelings,5.8,552.0
Jen Kirkman: Just Keep Livin'?,6.7,1281.0
Crossroads: One Two Jaga,6.6,634.0
Superlopez,5.4,3574.0
The Birth Reborn 2,6.6,5.0
The Last Runaway,5.9,719.0
Soorma,7.4,5103.0
Cristela Alonzo: Lower Classy,6.4,845.0
48 Christmas Wishes,3.9,1103.0
The Maus,4.7,6331.0
Bygones Be Bygones,6.2,3973.0
Russell Howard: Recalibrate,7.4,1587.0
The Girl From the Song,5.6,1750.0
Manu,8.0,1073.0
Goyo: The Boy General,6.7,799.0
Lucas Brothers: On Drugs,5.5,830.0
Coffee for All,5.6,385.0
Loudon Wainwright III: Surviving Twin,7.1,94.0
Ana e Vitória,6.4,604.0
King of Boys,6.1,404.0
Silence Is Welcome,4.6,101.0
Two Catalonias,6.4,677.0
No One Will Ever Know,6.2,135.0
Def Comedy Jam 25,6.6,1096.0
Genius,,
Lovefucked,,
Bon Cop Bad Cop 2,6.6,4126.0
Jim Jefferies: This Is Me Now,7.3,3984.0
Match,4.1,7.0
Mubarakan,5.6,3906.0
Paskal,6.8,2964.0
Stars in the Sky: A Hunting Story,7.3,333.0
Notes from Dunblane: Lessons from a School Shooting,,
Tattoo of Revenge,4.9,112.0
Pickpockets,5.4,1179.0
El Potro: lo mejor del amor,5.2,723.0
Neevevaro,6.9,809.0
"Out of Many, One",,
Judah Friedlander: America Is the Greatest Country in the United States,7.8,1436.0
Aurora,4.3,603.0
Gunshot,6.8,593.0
Smaller and Smaller Circles,6.6,234.0
Todd Barry: Spicy Honey,6.8,840.0
Joshua: Teenager vs. Superpower,7.2,1531.0
The Bros,6.1,616.0
5 Star Christmas,4.5,767.0
The Reservoir Game,6.0,35.0
Todo lo que sería Lucas Lauriente,6.9,108.0
DTC –Yukemuri Junjo Hen– from HiGH&LOW,6.8,55.0
Hari Kondabolu: Warn Your Relatives,6.5,837.0
Alexis de Anda: Mea Culpa,4.9,101.0
Freej Al Taibeen,5.8,9.0
Gurgaon,6.5,2191.0
Ani... Dr. Kashinath Ghanekar,8.5,1071.0
Jim Norton: Mouthful of Shame,7.0,1324.0
Fanatyk,,
Jonaki,6.8,251.0
Rafinha Bastos: Ultimatum,6.5,214.0
A StoryBots Christmas,5.7,156.0
Lionheart,5.7,1444.0
"To Each, Her Own",5.4,1726.0
Night of Knots,5.4,1282.0
Love You to the Stars and Back,7.6,531.0
Marlon Wayans: Woke-ish,6.5,1390.0
Ghost Hunting,7.1,219.0
Music Teacher,6.2,684.0
Poster Boys,5.5,1541.0
Munafik 2,6.3,1654.0
The Hows of Us,6.7,2695.0
Marco Luque - We are together,4.4,76.0
Felipe Neto: My Life Makes No Sense,4.4,245.0
Aditi Mittal: Things They Wouldn't Let Me Say,4.3,330.0
Blessed Benefit,6.6,665.0
Malena Pichot: Estupidez compleja,5.7,360.0
Chief Daddy,4.7,269.0
Adhugo,5.9,65.0
Solo el amor,4.7,68.0
Hedefim Sensin,6.2,4384.0
Deliha 2,4.7,2554.0
Spivak,5.6,732.0
For Here or to Go?,6.8,605.0
DreamWorks Home: For the Holidays,4.9,149.0
Late Life: The Chien-Ming Wang Story,7.2,465.0
Listen,6.6,227.0
Aiyaary,5.2,4671.0
Pulang,6.7,594.0
Alter Ego,5.7,55.0
Ayotzinapa: The Turtle's Pace,7.4,204.0
The Price of Success,5.8,362.0
"I, Potro",6.2,493.0
Turkish Dance School,5.7,2113.0
Vanjagar Ulagam,6.0,258.0
Verses of Love 2,5.9,603.0
Luciano Mellera: Infantiloide,7.5,1516.0
My Travel Buddy 2,5.8,3217.0
Alan Saldaña: mi vida de pobre,6.3,68.0
Vir Das: Abroad Understanding,6.9,1697.0
Hantu Kak Limah,5.6,677.0
Back to Q82,6.0,94.0
Garbage,3.4,1004.0
Teefa in Trouble,7.3,3569.0
Potato Potahto,4.1,208.0
Joe Mande's Award-Winning Comedy Special,6.1,498.0
The Royal Hibiscus Hotel,5.5,276.0
Puriyaatha Puthir,6.6,1032.0
Son Of Adam,,
Super Monsters and the Wish Star,,
Ryan Hamilton: Happy Face,7.3,921.0
Daniel Sosa: Sosafado,5.4,98.0
Fantastica,3.6,212.0
Food on the Go,6.3,211.0
Agustín Aristarán: Soy Rada,6.1,121.0
Grillo vs Grillo,5.2,129.0
Jim Gaffigan: Cinco,7.1,2381.0
Free Rein: The Twelve Neighs of Christmas,6.7,5633.0
My Ex & Whys,6.2,572.0
Pa Paandi,7.4,1725.0
Penalty Kick,3.7,280.0
Noblemen,5.6,274.0
Bonboné,,
Brad Paisley's Comedy Rodeo,5.7,151.0
"Love, Surreal and Odd",5.6,3216.0
Pacíficum,6.5,126.0
Mama's Boy,6.1,987.0
Motu Patlu Kung Fu Kings 4 The Challenge of Kung Fu Brothers,,
Seven Sundays,7.7,456.0
Puppy Star Christmas,3.6,248.0
Mo Amer: The Vagabond,7.3,799.0
Marriage Palace,6.2,180.0
Pahuna: The Little Visitors,7.5,397.0
Shiva VS Autobots,,
Mahi NRI,5.9,83.0
Rodney King,5.8,601.0
Exes Baggage,6.4,267.0
Mauli,5.6,362.0
Tracy Morgan: Staying Alive,6.1,1202.0
Voulez-vous rire avec moi ce soir?,6.8,43.0
La Leyenda del Diamante,3.4,48.0
Pup Star: World Tour,3.8,207.0
Shubh Aarambh,6.8,121.0
Chris D'Elia: Man on Fire,6.5,1720.0
A Drowning Man,,
A Man for The Weekend,4.0,11.0
DeRay Davis: How to Act Black,6.1,427.0
"El Especial de Alex Fernández, el Especial",6.6,73.0
Thug Life,5.7,48.0
Posesif,7.4,920.0
Merku Thodarchi Malai,8.6,1810.0
Natalia Valdebenito: El especial,5.1,82.0
Jani Dueñas: Grandes fracasos de ayer y hoy,4.8,71.0
Arango y Sanint: Ríase el show,4.0,42.0
Doob,6.2,1863.0
Adel Karam: Live from Beirut,5.5,144.0
Stretch Armstrong: The Breakout,,
Love and Shukla,7.3,933.0
Alejandro Riaño: Especial de stand up,4.9,69.0
Birdshot,6.6,781.0
Kavin Jay : Everybody Calm Down!,5.9,232.0
Mau Nieto: viviendo sobrio… desde el bar,6.7,80.0
Coco y Raulito: Carrusel de ternura,6.6,39.0
First Love,6.0,149.0
Fernando Sanjiao: Hombre,6.3,57.0
Prince of Peoria: A Christmas Moose Miracle,,
Ricardo Quevedo: Hay gente así,6.3,104.0
Si saben cómo me pongo ¿Pa' qué me invitan?,4.6,216.0
The Lost Café,6.4,24.0
Zoé: Panoramas,6.8,77.0
Fabrizio Copano: solo pienso en mí,5.0,33.0
Good Game: The Beginning,4.4,1796.0
Santo cachón,4.8,53.0
Pinky Memsaab,6.3,521.0
Heaven Without People,7.6,1249.0
Yoo Byung Jae: Discomfort Zone,,
"Edmilson Filho: Notas, Comedy about Relationships",5.2,20.0
Hadithi za Kumekucha: Fatuma,7.6,8.0
Echcharikkai,6.3,307.0
Nathicharami,7.2,316.0
Facing Mecca,,
Ayana,7.4,128.0
Table Manners,5.1,43.0
Salam - The First ****** Nobel Laureate,7.8,414.0
Todd Glass: Act Happy,5.1,366.0
Lilli,5.7,278.0
Eve's Apple,5.9,86.0
Joaquín Reyes: Una y no más,,
Enissa Amani: Ehrenwort,5.5,194.0
Kingdom of Us,7.0,887.0
Aruna & Her Palate,7.2,765.0
Into the Wind,4.2,42.0
Baby Mamas,6.6,63.0
Lynne Koplitz: Hormonal Beast,6.2,417.0
Jindua,6.5,275.0
Yoo Byung Jae: Too Much Information,5.3,53.0
Sei,4.2,64.0
Oga Bolaji,,
Christmas Catch,5.3,1428.0
Project Papa,6.3,35.0
#FriendButMarried,6.9,695.0
Mr. Chandramouli,5.1,234.0
Sebastián Marcelo Wainraich,6.4,105.0
Dhh,7.9,320.0
Three Words to Forever,6.8,109.0
In Line,6.1,34.0
Little Singham aur Kaal ka Mahajaal,,
Unexpectedly Yours,6.8,178.0
Next Enti?,4.6,159.0
Harith Iskander: I Told You So,4.6,172.0
Wedy Atkalam,5.8,17.0
Kanavu Variyam,6.4,144.0
Simplemente Manu NNa,5.5,50.0
For the Broken Hearted,6.7,94.0
King of Peking,6.4,364.0
Babamın Ceketi,4.9,854.0
Until Midnight,6.9,717.0
Beat Bugs: All Together Now,,
Shiva: The Secret World Of Vedas City,,
Fakkah Fuzz: Almost Banned,4.3,56.0
Vir Das: Losing It,7.0,1238.0
What Did I Mess,7.1,695.0
Al-Khawaga's Dilemma,,
Dilan 1990,7.0,3294.0
Ascharya Fuck It,5.4,904.0
Fary Is the New Black,5.8,132.0
Motu Patlu in the City of Gold,,
Brij Mohan Amar Rahe!,7.0,3759.0
W. Kamau Bell: Private School Negro,6.4,770.0
Pandigai,6.3,285.0
The Bridge,5.6,36.0
Hajwala 2: Mysterious Mission,4.0,91.0
Satria Heroes: Revenge of the Darkness,4.4,69.0
Fan of Amoory,5.9,35.0
Bogda,7.2,52.0
Rise: Ini Kalilah,5.1,40.0
Meghnadbodh Rohoshyo,6.3,491.0
The Suit,5.4,1608.0
Finally Found Someone,5.7,229.0
Super Monsters Save Halloween,5.4,27.0
Elf Pets: Santa's St. Bernards Save Christmas,5.3,95.0
Catch.er,4.5,30.0
Panoptic,6.2,59.0
Komola Rocket,7.4,1017.0
Lara and the Beat,6.7,146.0
Si Doel the Movie,6.9,415.0
Bahasha,7.0,23.0
Little Miss Sumo,,
The Gentlemen,7.8,314049.0
The Rental,5.7,29201.0
Uncut Gems,7.4,261956.0
365 Days,3.3,80198.0
Rambo: Last Blood,6.1,95013.0
Freaks,6.7,34111.0
The King,7.3,119020.0
I'm Thinking of Ending Things,6.6,79921.0
The Devil All the Time,7.1,122321.0
My Octopus Teacher,8.1,51232.0
The Irishman,7.8,371209.0
Synchronic,6.2,28617.0
Hillbilly Elegy,6.7,40703.0
21 Bridges,6.6,64117.0
Marriage Story,7.9,290643.0
The Trial of the Chicago 7,7.7,170728.0
El Camino: A Breaking Bad Movie,7.3,216847.0
Eurovision Song Contest: The Story of Fire Saga,6.5,91043.0
The Call,7.1,29450.0
In the Shadow of the Moon,6.2,49894.0
Summerland,7.0,6052.0
The Social Dilemma,7.6,79674.0
Fantastic Fungi,7.4,7890.0
Mank,6.8,71244.0
6 Underground,6.1,168919.0
I Care a Lot,6.3,128172.0
His House,6.5,38870.0
The Platform,7.0,207877.0
The Forgotten Battle,7.1,26368.0
Always Be My Maybe,6.8,54166.0
Enola Holmes,6.6,160806.0
Scary Stories to Tell in the Dark,6.2,73859.0
Triple Frontier,6.4,124218.0
Fast Color,6.0,6194.0
The Midnight Sky,5.6,81513.0
Official Secrets,7.3,45200.0
I Am Mother,6.7,87891.0
The Old Guard,6.6,155135.0
The Outpost,6.8,31819.0
Extraction,6.7,192132.0
Occupation: Rainfall,5.6,14122.0
"Extremely Wicked, Shockingly Evil and Vile",6.7,91162.0
#Alive,6.3,37199.0
The Old Ways,5.4,5708.0
The Half of It,6.9,34959.0
After,5.2,52180.0
Dolemite Is My Name,7.2,59836.0
The Professor and the Madman,7.2,44418.0
The Paper Tigers,6.3,4144.0
Pieces of a Woman,7.0,47795.0
Code 8,6.1,38850.0
Jiu Jitsu,2.9,8502.0
Bad Trip,6.5,23979.0
The Wind,5.5,8078.0
Five Feet Apart,7.2,61878.0
Murder Mystery,6.0,120532.0
The Water Man,5.4,3641.0
Rebecca,6.0,40447.0
Countdown,,
Fyre,7.2,44715.0
Fractured,6.4,70860.0
Da 5 Bloods,6.5,50236.0
The Highwaymen,6.9,88714.0
The Disciple,7.1,2471.0
Kiss the Ground,8.2,6607.0
The Dirt,6.9,47603.0
Ava,5.4,53131.0
American Pie Presents: Girls' Rules,,
The Night Clerk,5.5,14600.0
Ma Rainey's Black Bottom,6.9,50275.0
Polar,6.3,87080.0
"Yes, God, Yes",6.1,14496.0
The Prom,5.9,26197.0
We Summon the Darkness,5.2,10056.0
Someone Great,6.2,21501.0
Tread,7.1,2861.0
Radium Girls,6.2,1659.0
Sweetheart,5.8,8074.0
The Wrong Missy,5.7,38647.0
David Attenborough: A Life on Our Planet,9.0,31180.0
Skylines,4.7,7971.0
The Laundromat,6.3,49391.0
Over the Moon,6.3,21562.0
The Two Popes,7.6,120871.0
IO,4.7,33724.0
All the Bright Places,6.5,28355.0
Velvet Buzzsaw,5.7,59491.0
The Occupant,6.4,16939.0
Can You Keep a Secret?,5.3,16049.0
Pokémon the Movie: Secrets of the Jungle,6.4,1817.0
The Red Sea Diving Resort,6.6,28051.0
Crip Camp: A Disability Revolution,7.7,7264.0
American Factory,7.4,21415.0
The Wandering Earth,5.9,29840.0
Wine Country,5.4,20836.0
Between Two Ferns: The Movie,6.1,31193.0
Avengement,6.5,15426.0
The Wolf's Call,6.9,17236.0
The Silence,5.3,43732.0
A Shaun the Sheep Movie: Farmageddon,6.8,13267.0
Atlantics,6.7,9306.0
Last Breath,7.7,5447.0
The Boy Who Harnessed the Wind,7.6,36805.0
We Have Always Lived in the Castle,5.6,7063.0
Spenser Confidential,6.2,85270.0
Doom: Annihilation,3.7,9200.0
Girl on the Third Floor,4.7,9823.0
The Great Hack,7.1,22838.0
Rocks,7.4,4552.0
Tremors: Shrieker Island,,
Ip Man 4: The Finale,7.0,30694.0
Ophelia,6.6,10357.0
After We Collided,5.0,29571.0
The Last Blockbuster,6.7,5350.0
In the Tall Grass,5.4,54391.0
Paradise Hills,5.3,22298.0
Dick Johnson Is Dead,7.4,6390.0
American Murder: The Family Next Door,7.2,26355.0
Rust Creek,5.9,11136.0
Showtime 1958,,
Eli,5.8,34477.0
I Lost My Body,7.5,31531.0
Klaus,8.1,141480.0
Fatima,6.6,3032.0
Sword of Trust,6.3,3558.0
The Sleepover,5.6,10198.0
The Last Thing He Wanted,4.3,14716.0
Rolling Thunder Revue: A Bob Dylan Story by Martin Scorsese,7.6,6550.0
Lost Bullet,6.3,9264.0
Vita & Virginia,5.7,3767.0
The Vanished,5.7,10011.0
The Reason I Jump,7.5,802.0
Children of the Sea,6.5,2622.0
Horse Girl,,
The Game Changers,7.8,19708.0
Concrete Cowboy,6.3,8517.0
The Boss Baby: Get That Baby!,,
Charlie Says,5.9,4256.0
Mike Birbiglia: The New One,7.7,1815.0
1BR,5.8,11983.0
Bill Burr: Paper Tiger,8.1,10649.0
The Silence of Others,8.0,2048.0
Nobody Sleeps in the Woods Tonight,4.9,11304.0
Calm with Horses,6.8,5396.0
A Whisker Away,6.7,9353.0
Lost Girls,6.1,21040.0
We Can Be Heroes,4.7,14401.0
Tell Me Who I Am,7.6,14215.0
Violet Evergarden: The Movie,8.3,5631.0
Paddleton,7.1,13419.0
What Lies Below,4.3,8125.0
Vampires vs. the Bronx,5.7,9627.0
The Stronghold,6.9,9422.0
The Swarm,5.3,6710.0
The Life Ahead,6.8,14021.0
The Kindness of Strangers,6.4,3515.0
Captain Underpants: Epic Choice-o-rama,6.4,80.0
Sightless,5.5,8113.0
Words Bubble Up Like Soda Pop,,
Project Power,6.0,83973.0
Rim of the World,5.2,23651.0
Death of Me,4.4,6041.0
A Fall from Grace,5.8,15029.0
The Best of Enemies,7.3,16441.0
Hubie Halloween,5.2,47588.0
Secret Obsession,4.4,21011.0
Ala Vaikunthapurramuloo,7.5,14839.0
Anima,,
Unbreakable Kimmy Schmidt: Kimmy vs. the Reverend,7.0,5211.0
Cadaver,5.1,9608.0
The Paramedic,5.7,12092.0
See You Yesterday,5.2,10663.0
Ride Like a Girl,7.0,3865.0
Miss Americana,7.4,19151.0
Dave Chappelle: Sticks & Stones,8.4,25687.0
The Babysitter: Killer Queen,5.8,37462.0
To All the Boys: P.S. I Still Love You,6.0,37072.0
The Forty-Year-Old Version,7.2,4940.0
Triple Threat,5.6,11115.0
The Willoughbys,6.3,17878.0
Me Against You: Mr. S's Vendetta,1.7,362.0
Miles Davis: Birth of the Cool,7.4,1771.0
Tall Girl,5.2,23071.0
Monsoon,,
High Flying Bird,6.2,8514.0
Patsy & Loretta,6.8,1000.0
Altered Carbon: Resleeved,6.5,6030.0
Taylor Tomlinson: Quarter-Life Crisis,7.4,3595.0
2 Hearts,6.2,3365.0
Coded Bias,6.7,2217.0
Audrey,7.1,1867.0
Dragonheart: Vengeance,,
Wasp Network,5.9,10136.0
School Life,6.5,2563.0
Ghosts of War,5.5,9701.0
The Fable,6.5,1689.0
Night in Paradise,6.7,6484.0
The Perfect Date,5.8,37913.0
How High 2,3.0,1097.0
Bigfoot Family,5.8,2609.0
Barbie: Princess Adventure,5.4,442.0
This Changes Everything,7.6,1507.0
The Last Summer,,
Friendsgiving,4.4,2782.0
Poms,6.0,6085.0
The Lonely Island Presents: The Unauthorized Bash Brothers Experience,,
Youth v Gov,6.9,18.0
Close,5.7,24063.0
Making The Witcher,6.8,442.0
I Am Woman,6.6,2205.0
Stand by Me Doraemon 2,7.7,3594.0
Cuties,3.3,30030.0
The Forest of Love,6.3,2460.0
Jo Koy: Comin’ In Hot,7.3,986.0
Pokémon: Mewtwo Strikes Back - Evolution,5.7,5384.0
The Stand In,4.7,3380.0
The Boys in the Band,6.8,14938.0
Let It Snow,5.8,21515.0
The Decline,6.0,8675.0
Backdraft 2,,
Disclosure,8.2,5301.0
How I Became a Super Hero,5.8,5047.0
The Coldest Game,6.2,10411.0
Death to 2020,6.8,38301.0
Pete Davidson: Alive from New York,6.1,4072.0
Lying and Stealing,5.4,5596.0
Becoming,6.8,6305.0
Escaping the NXIVM Cult: A Mother's Fight to Save Her Daughter,5.3,426.0
Invader ZIM: Enter the Florpus,7.4,5656.0
Athlete A,7.6,10544.0
An Easy Girl,5.6,4911.0
9to5: The Story of A Movement,7.4,228.0
"Live Twice, Love Once",7.2,6492.0
The Lost Husband,6.1,4578.0
Made You Look: A True Story About Fake Art,7.0,4111.0
Screwball,7.1,1678.0
Holidate,6.1,61924.0
The Wedding Guest,5.8,5480.0
Ne Zha,,
Only,,
Then Came You,6.9,12356.0
Hannah Gadsby: Douglas,,
Brené Brown: The Call to Courage,7.7,1516.0
Anthony Jeselnik: Fire in the Maternity Ward,7.2,3547.0
John Mulaney & The Sack Lunch Bunch,7.4,3498.0
Amy Schumer: Growing,5.4,3812.0
Don't Listen,,
Otherhood,6.1,11048.0
Twin Murders: The Silence of the White City,5.3,5251.0
Jingle Jangle: A Christmas Journey,6.5,18274.0
Framing John DeLorean,6.5,2287.0
A Cinderella Story: Christmas Wish,5.3,
A Sun,,
Inside Man: Most Wanted,5.6,3927.0
Dance of the Forty One,6.8,4236.0
The Kissing Booth 2,5.7,30310.0
Definition Please,5.5,157.0
Unknown Origins,6.1,6732.0
Coven,6.4,4598.0
Falling Inn Love,5.6,19091.0
Nate Bargatze: The Tennessee Kid,7.6,1798.0
Dangerous Lies,5.3,16731.0
Human Nature,7.7,1541.0
Beats,6.3,5122.0
A Secret Love,7.8,4334.0
Earthquake Bird,5.9,14154.0
LEGO Marvel Spider-Man: Vexed by Venom,5.6,290.0
The Hard Way,4.8,3171.0
Cut Throat City,4.8,2521.0
Tigertail,6.6,3540.0
Knock Down the House,7.1,12418.0
Jim Jefferies: Intolerant,7.2,2764.0
Your Name Engraved Herein,7.3,5628.0
Dolly Parton: Here I Am,7.3,1467.0
Desperados,5.2,10030.0
David Foster: Off the Record,6.9,552.0
Watchman,,
Freaks – You're One of Us,5.4,5809.0
Michelle Wolf: Joke Show,7.2,1571.0
The Edge of All We Know,6.6,2288.0
Have a Good Trip: Adventures in Psychedelics,6.8,7578.0
Sebastian Maniscalco: Stay Hungry,7.1,1295.0
The Knight Before Christmas,5.5,17762.0
Silver Skates,7.1,5774.0
Time to Hunt,6.3,5392.0
System Crasher,7.8,12699.0
Homecoming: A Film by Beyoncé,7.4,7013.0
Nikki Glaser: Bangin',6.1,1629.0
Sergio,6.2,9619.0
Mosul,,
Brother,6.7,1054.0
The Operative,5.7,6099.0
ReMastered: The Two Killings of Sam Cooke,7.2,2231.0
Love Wedding Repeat,5.5,20033.0
Gather,7.8,196.0
The Silence of the Marsh,,
The Show Must Go On: The Queen + Adam Lambert Story,7.8,1923.0
Iron Fists and Kung Fu Kicks,6.6,1146.0
Benchwarmers 2: Breaking Balls,4.1,947.0
I'm No Longer Here,7.3,7727.0
Rocko's Modern Life: Static Cling,6.9,3820.0
Dear Mother,5.8,1195.0
Rising High,5.9,4905.0
Uncorked,6.4,5414.0
Undercover Brother 2,3.4,670.0
"Love, Guaranteed",5.6,17092.0
Pets United,3.7,2677.0
Under the Eiffel Tower,5.4,992.0
Dragons: Rescue Riders: Secrets of the Songwing,5.1,175.0
All My Friends Are Dead,5.8,6126.0
Holiday in the Wild,6.1,15053.0
Bert Kreischer: Hey Big Boy,7.0,1913.0
Ronny Chieng: Asian Comedian Destroys America!,7.4,3077.0
The Edge of Democracy,7.2,14605.0
Sextuplets,4.4,8380.0
Legacy of Lies,5.0,3307.0
M8 - When Death Rescues Life,7.0,608.0
"Best Wishes, Warmest Regards: A Schitt's Creek Farewell",8.6,1357.0
Guilty,,
Go!,5.9,2723.0
Seven,7.5,29.0
Miracle in Cell No. 7,8.2,46939.0
Lady Driver,5.8,1463.0
Captain Underpants: Mega Blissmas,5.3,155.0
Furie,5.6,2731.0
Hard Kill,3.4,19728.0
Work It,6.1,12828.0
Ultras,6.2,4831.0
Bethany Hamilton: Unstoppable,7.4,705.0
Jungle Beat: The Movie,5.5,983.0
The Binding,4.8,4145.0
If Anything Happens I Love You,,
Residue,6.5,570.0
Feel the Beat,6.3,10749.0
Debt Collectors,5.7,4230.0
Ella Fitzgerald: Just One of Those Things,6.9,413.0
All Together Now,6.5,4182.0
Coffee & Kareem,5.1,13469.0
Fortune Feimster: Sweet & Salty,6.9,949.0
Tom Segura: Ball Hog,7.3,2848.0
Dark Forces,2.7,586.0
The Hater,,
Offering to the Storm,6.2,6215.0
Elisa & Marcela,6.6,4593.0
18 Presents,6.9,3739.0
Rose Island,7.0,20019.0
Oprah Winfrey Presents: When They See Us Now,7.8,2341.0
Sky High,5.6,3465.0
Funan,6.9,916.0
Circus of Books,7.1,4571.0
Wheels of Fortune,5.3,777.0
The Grizzlies,7.5,2012.0
Jo Koy: In His Elements,5.4,469.0
"Bikram: Yogi, Guru, Predator",6.7,7367.0
Jenny Slate: Stage Fright,5.8,1268.0
The F**k-It List,5.1,5866.0
Jerry Seinfeld: 23 Hours to Kill,6.7,5061.0
ZZ Top: That Little Ol' Band from Texas,7.5,1692.0
Super Deluxe,8.4,13680.0
The Speed Cubers,,
Villain,5.9,3243.0
"Oh, Ramona!",4.8,8854.0
Rogue City,,
Larry the Cable Guy: Remain Seated,6.6,258.0
Seth Meyers: Lobby Baby,7.4,2542.0
Svaha: The Sixth Finger,6.2,3762.0
World Famous Lover,5.0,3130.0
Bulbbul,6.5,11654.0
Money Heist: The Phenomenon,7.4,3419.0
Gold Statue,6.2,52.0
The Present,,
Burning Cane,5.5,630.0
Gabriel Iglesias: One Show Fits All,7.2,1793.0
Into the Beat,5.3,1313.0
Saaho,5.5,18554.0
Game Over,7.0,7297.0
A Kid from Coney Island,7.0,536.0
A Remarkable Tale,5.3,1159.0
Michael McIntyre: Showman,7.1,1219.0
Jezebel,6.9,1304.0
Trouble,5.8,3187.0
U Turn,4.3,268.0
"Frankenstein's Monster's Monster, Frankenstein",5.8,2166.0
Patria,7.2,102.0
A Love Song for Latasha,,
Dave Chappelle: The Kennedy Center Mark Twain Prize,,
Rising Phoenix,8.1,1659.0
NiNoKuni,6.1,3296.0
Mucho Mucho Amor: The Legend of Walter Mercado,7.3,3251.0
The Main Event,4.8,2279.0
Jack Whitehall: I'm Only Joking,6.6,1468.0
Violet Evergarden: Eternity and the Auto Memories Doll,7.4,4503.0
Operation Christmas Drop,5.8,11329.0
Ek Ladki Ko Dekha Toh Aisa Laga,5.6,4288.0
Dragon Rider,5.6,1522.0
American Son,5.8,6904.0
Only Mine,4.6,3013.0
Best of Stand-up 2020,5.4,601.0
The Crimes That Bind,6.7,3912.0
Bheeshma,,
Rich in Love,6.0,2616.0
The Christmas Chronicles: Part Two,6.0,29280.0
Memories of a Teenager,6.5,778.0
The Beast,5.2,4281.0
The Yin-Yang Master: Dream of Eternity,6.4,4647.0
"El Pepe, A Supreme Life",7.1,1867.0
The Man Without Gravity,5.8,2485.0
Cinderela Pop,4.5,1046.0
Notes for My Son,6.4,912.0
Street Flow,6.4,1509.0
Juanita,6.0,2336.0
Intuition,5.5,2613.0
Mrs. Serial Killer,5.3,19630.0
A Land Imagined,6.2,1289.0
The Last Days of American Crime,3.7,11227.0
Ainu Mosir,6.6,231.0
37 Seconds,7.4,2647.0
Jo Pil-ho: The Dawning Rage,6.3,2096.0
The Ruthless,6.2,6071.0
Under the Riccione Sun,,
In Family I Trust,6.2,3106.0
DNA,6.0,1020.0
A Life of Speed: The Juan Manuel Fangio Story,6.9,1854.0
A California Christmas,5.8,9721.0
Super Me,5.8,1527.0
Picture a Scientist,,
Girls with Balls,3.9,3219.0
4 latas,5.9,3189.0
Seventeen,7.2,3940.0
The Endless Trench,7.2,6239.0
Menendez: The Day of the Lord,4.9,988.0
Brother in Love,7.1,5778.0
#AnneFrank. Parallel Stories,6.5,1503.0
The Influence,4.5,3639.0
Kabir Singh,7.2,30949.0
Bulbul Can Sing,7.0,384.0
Seized,5.2,2173.0
Roped,5.4,1391.0
Jarhead: Law of Return,5.6,
The Last Laugh,5.6,5692.0
Grand-Daddy Day Care,4.9,864.0
ReMastered: Devil at the Crossroads,7.0,2691.0
Kardec,6.1,1501.0
Marc Maron: End Times Fun,6.8,1906.0
The Man Who Feels No Pain,7.3,7700.0
Grass Is Greener,7.1,1322.0
Airplane Mode,5.1,2567.0
The Claus Family,5.5,1999.0
Murder to Mercy - The Cyntoia Brown Story,6.3,2693.0
All in My Family,,
Monster Run,5.2,391.0
"The Witcher Bestiary Season 1, Part 2",,
Andhaghaaram,7.7,3679.0
So My Grandma's a Lesbian!,4.3,1122.0
Felix Lobrecht: Hype,5.8,250.0
Franco Escamilla: bienvenido al mundo,7.0,221.0
Tune in for Love,,
Walk. Ride. Rodeo.,6.4,2341.0
The Scary House,5.4,3712.0
The 2nd,3.8,8494.0
Love Aaj Kal,,
John Was Trying to Contact Aliens,,
Ghost Stories,,
Out Of My League,6.1,2593.0
LA Originals,7.2,1800.0
The Son,,
Enter the Anime,2.6,1627.0
Ramprasad Ki Tehrvi,7.5,5283.0
Forensic,6.8,4813.0
Badla,7.8,27130.0
BLACKPINK: Light Up the Sky,7.5,6319.0
Strain,5.6,25.0
The Three Deaths of Marisela Escobedo,8.1,1641.0
MOTHER,,
Alice Júnior,6.8,532.0
Rogue Warfare: Death of a Nation,3.4,370.0
Jeff Dunham: Beside Himself,6.9,1077.0
Asphalt Burning,5.1,2279.0
Lingua Franca,6.5,671.0
Isi & Ossi,6.4,8221.0
Fatal Affair,,
Ben Platt: Live from Radio City Music Hall,,
Nobody Knows I'm Here,,
What We Wanted,5.9,1773.0
Thackeray,5.3,3334.0
Ni de coña,2.8,377.0
Eye for an Eye,,
The Sky Is Pink,7.5,8551.0
My Next Guest with David Letterman and Shah Rukh Khan,,
Chris D'Elia: No Pain,5.9,1772.0
Luka Chuppi,6.3,11162.0
Earth and Blood,,
All Day and a Night,5.9,3627.0
The Fisherman's Diary,6.4,616.0
Bennett's War,6.0,858.0
Paris Is Us,4.6,1410.0
Rattlesnake,4.6,8487.0
So Much Love to Give,,
Emicida: AmarElo - It's All for Yesterday,8.5,1472.0
Travis Scott: Look Mom I Can Fly,6.3,4527.0
Tom Papa: You're Doing Great!,7.2,844.0
Sarah Cooper: Everything's Fine,5.5,1708.0
Dancing with the Birds,,
"Lorena, Light-footed Woman",,
Blood Will Tell,6.1,815.0
Brave Blue World,6.7,772.0
Soni,7.1,2752.0
A Babysitter's Guide to Monster Hunting,5.4,4067.0
Too Handsome To Handle,6.8,523.0
Fearless,4.9,1706.0
Justine,6.7,704.0
Dragon Quest: Your Story,6.5,2780.0
ReMastered: The Miami Showband Massacre,7.0,1353.0
Bobbleheads: The Movie,2.4,349.0
Dad Wanted,5.7,1058.0
Good Sam,5.7,2890.0
Aziz Ansari: Right Now,7.5,5111.0
Sturgill Simpson Presents Sound & Fury,,
Wonder Boy,,
Katherine Ryan: Glitter Room,6.7,1920.0
Quiet,6.4,320.0
Secrets of the Saqqara Tomb,7.2,6189.0
Wish Upon a Unicorn,5.4,176.0
Ludo,7.6,37528.0
Dolly Parton's Christmas on the Square,5.2,2675.0
Xico's Journey,5.1,534.0
Holiday on Mars,2.7,564.0
Wanda Sykes: Not Normal,7.2,1790.0
Giving Voice,,
Midnight at the Magnolia,5.8,5296.0
All the Freckles in the World,5.2,1269.0
Grego Rossello: Disculpe las molestias,4.5,25.0
Hating Peter Tatchell,7.6,743.0
Dead Kids,,
Sitting in Limbo,,
Who Would You Take to a Deserted Island?,5.3,2466.0
Kidnapping Stella,4.9,5957.0
Paradise Beach,4.6,2225.0
I Am Vengeance: Retaliation,3.4,3048.0
Black Beach,5.6,1544.0
Hope Frozen,,
The Brave,5.0,1320.0
American Woman,,
Road to Roma,7.6,646.0
The Blue Elephant 2,8.2,9475.0
Whitney Cummings: Can I Touch It?,6.5,1732.0
Petta,7.3,9778.0
Dying to Tell,6.8,336.0
Back of the Net,5.1,680.0
Urzila Carlson: Overqualified Loser,6.3,366.0
Boi,,
The (Silent) War,5.6,670.0
Our Planet: Behind the Scenes,8.4,1672.0
Vikruthi,7.4,1544.0
"Berlin, Berlin",3.8,533.0
Maria,5.0,2032.0
The Little Switzerland,4.8,1245.0
You've Got This,5.8,1273.0
Let's Dance,5.9,1381.0
Kevin Hart: Zero F**ks Given,6.0,3342.0
Asphalt Goddess,4.9,168.0
Kevin Hart: Irresponsible,6.5,4437.0
"¡Ay, mi madre!",3.9,394.0
Keeping the Bees,5.8,803.0
Kaamyaab,,
The Larva Island Movie,5.1,635.0
Chopsticks,6.5,4689.0
The Princess Switch: Switched Again,,
Dragons: Rescue Riders: Hunt for the Golden Dragon,5.2,153.0
"ariana grande: excuse me, i love you",6.3,2540.0
Malang,6.6,10149.0
Welcome to Sudden Death,4.3,
Holiday Rush,4.9,2705.0
Little Big Women,7.2,2253.0
Christmas Crossfire,4.8,1359.0
Calum von Moger: Unbroken,6.3,828.0
Despite Everything,5.3,4885.0
Jimmy Carr: The Best of Ultimate Gold Greatest Hits,7.3,2201.0
Happy Old Year,7.2,2160.0
Shikara,3.3,15026.0
Milestone,6.6,613.0
Rubaru Roshni,8.7,584.0
Ready to Mingle,5.9,2326.0
Deadly Switch,4.5,1303.0
Parchís: the Documentary,6.8,535.0
Double World,6.1,4064.0
Psycho,6.2,4075.0
"Kalel, 15",7.3,262.0
Tell Me When,5.7,964.0
Shawn Mendes: In Wonder,6.5,2016.0
Kaali Khuhi,3.5,1207.0
Canvas,,
Gunjan Saxena: The Kargil Girl,5.6,34423.0
AK vs AK,6.9,14048.0
A Christmas Prince: The Royal Baby,5.3,6704.0
"Sí, Mi Amor",,
The Irishman: In Conversation,,
Carmen Sandiego: To Steal or Not to Steal,,
Fierce,,
The Bridge Curse,,
Eric Andre: Legalize Everything,6.1,2491.0
Cargo,5.6,2906.0
Article 15,8.2,32336.0
Tragic Jungle,5.6,902.0
Malibu Rescue,5.0,1220.0
The Black Godfather,7.4,1341.0
Life Overtakes Me,5.0,45.0
Made in China,6.3,4298.0
90 ML,3.4,571.0
99 Songs,7.1,2254.0
Really Love,6.0,807.0
Kitty Love: An Homage to Cats,5.2,445.0
Adú,,
Living in Bondage: Breaking Free,5.3,106.0
Making Unorthodox,,
Full Out 2: You Got This!,4.6,504.0
Hazel Brugger: Tropical,6.4,415.0
Fire in Paradise,,
Evelyn,7.2,768.0
Just Another Christmas,6.7,4476.0
Malibu Rescue: The Next Wave,4.7,818.0
High & Low: The Worst,6.6,487.0
The Boys in the Band: Something Personal,7.2,356.0
Dance Dreams: Hot Chocolate Nutcracker,7.0,339.0
Octonauts and the Great Barrier Reef,6.6,131.0
Alien Warfare,2.6,3460.0
Leslie Jones: Time Machine,,
Jack Whitehall: Christmas with my Father,6.0,930.0
Pinkfong & Baby Shark's Space Adventure,5.1,74.0
The Stand at Paxton County,6.4,1069.0
Shine Your Eyes,6.4,313.0
The Lockdown Plan,6.5,
Out Of The Clear Blue Sky,,
Funny Boy,,
What the F* Is Going On?,7.5,172.0
Inhuman Kiss,6.4,1717.0
Nate: A One Man Show,6.6,346.0
Milkwater,,
"Ray Romano: Right Here, Around the Corner",7.2,1654.0
Jai Mummy Di,3.6,935.0
The Unknown Saint,6.5,1092.0
Spelling the Dream,6.9,716.0
Hire a Woman,7.4,30.0
The Crystal Calls - Making The Dark Crystal: Age of Resistance,7.6,528.0
A Road to Wellbeing,6.2,23.0
Panipat,5.4,5438.0
Octonauts and the Caves of Sac Actun,6.2,177.0
"Ken Jeong: You Complete Me, Ho",5.7,2368.0
One-Way to Tomorrow,5.6,4819.0
Ginny Weds Sunny,5.7,4699.0
Ma Rainey's Black Bottom: A Legacy Brought to Screen,,
Back to School,,
Sol Levante,,
Merry Men 2: Another Mission,6.4,64.0
Ahaan,7.0,321.0
Simon Amstell: Set Free,6.5,797.0
Romeo Akbar Walter,6.6,5728.0
Angela's Christmas Wish,7.1,1434.0
Dolly Kitty and Those Twinkling Stars,5.5,7522.0
Bridezilla,6.1,51.0
Father Soldier Son,7.3,929.0
Alelí,6.3,371.0
The Magic School Bus Rides Again: Kids in Space,5.9,81.0
Shawn Mendes: Live in Concert,7.1,316.0
Firebrand,5.1,278.0
Serious Men,6.8,7390.0
Furtive,5.1,320.0
Upstarts,6.7,860.0
House Arrest,5.5,1633.0
Illegal Woman,6.2,196.0
Ghosts of Sugar Land,,
Tootsies & The Fake,5.9,474.0
Sugar Rush,6.7,90.0
Varane Avashyamund,6.9,2721.0
"Colin Quinn: Red State, Blue State",7.6,716.0
The Rope Curse 2,4.7,339.0
Shimla Mirchi,4.6,1492.0
Love,7.0,1485.0
Santana,3.9,977.0
The Legacy of the Bones,6.3,8674.0
Nneka the Pretty Serpent,3.8,118.0
The Most Dangerous Man in Europe,6.8,202.0
Not a Game,,
The Road to El Camino: Behind the Scenes of El Camino: A Breaking Bad Movie,7.1,1356.0
Mutiny of the Worker Bees,4.0,475.0
Blanche Gardin - Bonne nuit Blanche,,
Indoo Ki Jawani,3.0,6075.0
Rogue Warfare: The Hunt,3.1,570.0
Once Again,7.0,980.0
Drive,3.7,7559.0
A Second Chance: Rivals!,4.7,375.0
Eggnoid: Love & Time Portal,6.2,85.0
Almost Love,5.7,1087.0
Ari Eldjárn: Pardon My Icelandic,,
The Trap,4.3,1590.0
Guillermo Vilas: Settling the Score,7.1,650.0
The 3rd Eye 2,5.3,586.0
Guatemala: Heart of the Mayan World,6.6,218.0
Krishna and His Leela,5.6,1562.0
Raat Akeli Hai,7.3,17570.0
The Spooky Tale of Captain Underpants Hack-a-Ween,6.0,201.0
Dogwashers,5.8,597.0
Hospital,,
The Day I Lost My Shadow,6.1,239.0
Shanghai Fortress,4.3,2345.0
Thiago Ventura: POKAS,6.4,190.0
Hunter in the Blue Side of Manchester,5.8,43.0
Romance Doll,,
Sitara,8.0,5.0
Torbaaz,7.0,17828.0
Sam Jay: 3 in the Morning,6.4,504.0
Feo pero Sabroso,4.3,169.0
Nothing to Lose 2,3.8,651.0
Manmadhudu 2,4.8,693.0
After the Raid,,
Kevin Hart's Guide to Black History,5.5,1332.0
Crazy Awesome Teachers,6.2,438.0
Oh! Baby,,
ReMastered: The Lion's Share,6.9,628.0
ReMastered: Massacre at the Stadium,7.2,771.0
Iliza Shlesinger: Unveiled,6.5,1664.0
Door Ke Darshan,,
Motichoor Chaknachoor,5.8,2774.0
The Match,,
Any Crybabies Around?,6.0,155.0
Free Rein: Valentine's Day,,
Bulletproof 2,3.5,609.0
The Body,5.5,3321.0
A Choo,5.4,357.0
You Are My Home,,
Uyare,8.1,3522.0
Eeb Allay Ooo!,7.2,1532.0
The House of Flowers Presents: The Funeral,,
Spookley and the Christmas Kittens,,
Axone,6.9,2182.0
Choked: Paisa Bolta Hai,5.7,5333.0
Afonso Padilha: Classless,6.9,194.0
Irandam Ulagaporin Kadaisi Gundu,7.2,960.0
Antoine Griezmann: The Making of a Legend,6.5,1128.0
Mundina Nildana,6.2,363.0
A Go! Go! Cory Carson Halloween,6.3,52.0
Go! The Unforgettable Party,5.0,138.0
Scarecrow,,
Edoardo Ferrario: Temi Caldi,6.4,130.0
Sky Tour: The Movie,8.8,1036.0
Tiffany Haddish: Black Mitzvah,6.2,956.0
Birders,,
Aziza,,
Sillu Karupatti,8.0,1723.0
Michelle Buteau: Welcome to Buteaupia,,
The Lost Okoroshi,5.8,172.0
Kappela,7.5,3212.0
Adam Devine: Best Time of Our Lives,5.9,946.0
Mo Gilligan: Momentum,6.3,434.0
Uncovered,4.8,21.0
London Hughes: To Catch A D*ck,4.7,318.0
Kandasamys: The Wedding,6.0,226.0
Velvet Colección: Grand Finale,7.2,8.0
Dark City Beneath the Beat,6.7,138.0
Redemption,6.0,171.0
Mi amigo Alexis,5.1,341.0
Citation,6.1,958.0
Hot Gimmick: Girl Meets Boy,,
Whindersson Nunes: Adulto,7.0,348.0
Bhangra Paa Le,6.2,353.0
Anelka: Misunderstood,6.4,3120.0
Fadily Camara: La plus drôle de tes copines,5.7,46.0
Saverio Raimondo: Il Satiro Parlante,5.6,51.0
Thambi,,
Òlòtūré,5.5,774.0
La Vocera,7.2,54.0
Money Trap,6.0,14221.0
"Rob Schneider: Asian Momma, Mexican Kids",5.5,716.0
Kill Me If You Dare,4.4,1737.0
Seriously Single,4.4,1258.0
Super Monsters: Vida's First Halloween,5.9,37.0
Alex Fernández: The Best Comedian in the World,6.2,139.0
Still Laugh-In: The Stars Celebrate,5.2,582.0
Asura Guru,3.2,316.0
Lift Like a Girl,7.8,208.0
Wanted - Matloubin,7.2,616.0
Francesco De Carlo: Cose di Questo Mondo,6.3,110.0
Gone,7.1,18.0
A Family Reunion Christmas,5.8,216.0
Miss India,,
Mayday Life,6.7,122.0
Voiceless,6.8,31.0
Mujeres arriba,3.8,468.0
Ricardo Quevedo: los amargados somos más,7.3,96.0
Guna 369,6.7,19.0
RattleSnake: The Ahanna Story,5.3,101.0
Léa & I,6.5,215.0
"No andaba muerto, estaba de parranda",5.2,102.0
Hikaru Utada Laughter in the Dark Tour 2018,8.3,81.0
The Netflix Afterparty: The Best Shows of The Worst Year,,
George Lopez: We'll Do It for Half,5.7,444.0
Spirit Riding Free: Spirit of Christmas,5.2,122.0
Maska,5.8,1433.0
The Letter Reader,,
Class of '83,5.8,5571.0
True: Wuzzle Wegg Day,,
The Car: Road to Revenge,4.0,1082.0
Vir Das: For India,7.7,1232.0
Mike Epps: Only One Mike,4.7,295.0
Revenge of the Pontianak,5.3,267.0
Night on Earth: Shot in the Dark,7.8,290.0
Love and Fury,6.8,25.0
Thomas & Friends: Marvelous Machinery,6.1,15.0
Thomas & Friends: Digs & Discoveries,,
The Path of the Anaconda,6.8,269.0
Quam's Money,,
Super Monsters: The New Class,,
Aaviri,4.0,95.0
Chaman Bahar,7.0,6732.0
Dorasani,5.8,195.0
StarBeam: Halloween Hero,,
Kaake Da Viyah,5.0,73.0
Yeh Ballet,7.5,1312.0
Super Monsters Furever Friends,5.7,71.0
Super Monsters Back to School,6.2,29.0
Whipped,,
Marjoun and the Flying Headscarf,6.8,37.0
True: Friendship Day,6.8,22.0
"Hello, Privilege. It's Me, Chelsea",4.5,1972.0
Go! Go! Cory Carson: The Chrissy,,
Maradona's Legs,,
Bombay Rose,6.2,608.0
Thottappan,6.9,366.0
Luccas Neto em: Uma Babá Muito Esquisita,3.0,36.0
I'm Leaving Now,6.5,108.0
Spirit Riding Free: Ride Along Adventure,5.9,60.0
El límite infinito,,
Fan Girl,6.7,366.0
122,6.2,5530.0
A Trash Truck Christmas,5.5,212.0
"Yours Sincerely, Kanan Gill",7.2,948.0
The Zoya Factor,4.2,2378.0
Mere Pyare Prime Minister,6.8,635.0
Daniel Sosa: Maleducado,6.1,71.0
Red Snow,4.6,154.0
Ibrahim: A Fate to Define,7.5,29.0
To Be of Service,7.3,90.0
It Takes a Lunatic,6.6,170.0
What are the Odds?,5.3,832.0
Omo Ghetto: The Saga,7.2,50.0
The App,2.7,1329.0
Amit Tandon: Family Tandoncies,7.0,250.0
Belmonte,6.1,376.0
40 Sticks,6.7,99.0
An Unremarkable Christmas,3.2,139.0
Who's the Boss,5.6,36.0
Love Like the Falling Rain,4.9,200.0
Bombairiya,4.5,418.0
"Hello, Love, Goodbye",7.4,1033.0
Kilometers and Kilometers,6.4,1538.0
Love for Sale 2,7.0,549.0
Liss Pereira: Reteniendo Liquidos,6.4,94.0
Los Tigres del Norte at Folsom Prison,7.0,170.0
Cops and Robbers,6.9,
Sarvam Thaala Mayam,7.6,1231.0
Miranda Sings Live... Your Welcome,5.5,418.0
Jeff Garlin: Our Man in Chicago,5.9,422.0
Hope Ranch,4.3,229.0
Isa Pa with Feelings,7.9,332.0
Kasanova,6.7,43.0
Reframe THEATER EXPERIENCE with you,,
K. D.,8.5,1750.0
Zulu Man in Japan,,
We Are One,4.6,92.0
Cuddle Weather,,
"Martin Matte: La vie, la mort... eh la la..!",6.5,102.0
Small Chops,2.9,30.0
Finding Agnes,4.9,155.0
Elf Pets: Santa's Reindeer Rescue,,
Rhys Nicholson: Live at the Athenaeum,7.6,296.0
Perfume Imaginary Museum “Time Warp”,6.5,23.0
Pegasus,6.3,1727.0
Kannum Kannum Kollaiyadithaal,7.7,6647.0
Cultivating the Seas: History and Future of the Full-Cycle Cultured Kindai Tuna,,
GIMS: On the Record,6.8,207.0
Leyla Everlasting,3.7,7453.0
Bigflo & Oli: Hip Hop Frenzy,6.7,118.0
27 Steps of May,8.1,466.0
Single Slipper Size - 7,8.4,3073.0
Wave of Cinema: Filosofi Kopi,,
Mallesham,8.3,1036.0
Deon Cole: Cole Hearted,6.9,883.0
15 August,5.8,273.0
Sab el-Burumbah,5.5,483.0
Mehandi Circus,7.4,543.0
David Batra: Elephant in The Room,5.9,196.0
A New York Christmas Wedding,5.3,1111.0
True: Happy Hearts Day,,
Sanitation Day,3.3,17.0
The Millions,5.5,38.0
One Day We'll Talk About Today,7.4,1116.0
The Perfect Picture: Ten Years Later,6.2,48.0
Dreamy Eyes,,
The Beginning of Life 2: Outside,8.1,18.0
Arsenio Hall: Smart and Classy,,
Fukrey Boyzzz: Space Mein Fukrapanti,7.8,14.0
Motu Patlu in the Game of Zones,,
Wira,,
True: Winter Wishes,,
All Because of You,4.2,217.0
Uriyadi 2,7.1,880.0
The End,,
Guddiyan Patole,7.0,704.0
Motu Patlu the Superheroes – Super Villains from Mars,,
Albert  Pinto Ko Gussa Kyun Aata Hai?,5.5,1968.0
Maniyarayile Ashokan,4.7,1235.0
Chippa,6.4,1087.0
A Go! Go! Cory Carson Summer Camp,,
American Factory: A Conversation with the Obamas,,
4th Republic,6.2,29.0
A Tale of Two Kitchens,6.5,145.0
Mokalik (Mechanic),6.2,148.0
The Body Remembers When the World Broke Open,7.0,731.0
2 Weeks in Lagos,6.6,33.0
The Claudia Kishi Club,,
Kids on the Block,5.7,349.0
Horrid Henry's Gross Day Out,6.1,47.0
Soulmate,,
The Knight and the Princess,5.9,375.0
After Maria,,
Penalty,5.3,859.0
3 Logical Exits,,
The 9th Precinct,5.6,521.0
Malaal,5.9,1036.0
The Magic School Bus Rides Again: The Frizz Connection,,
Evvarikee Cheppoddu,7.2,404.0
Nasha Natasha,6.4,299.0
Super Monsters Save Christmas,4.8,57.0
Luckee,4.7,44.0
Kalek Shanab,,
Amsterdam to Anatolia,,
In Vitro,7.7,
"Sincerely Yours, Dhaka",6.9,653.0
One Like It,,
Marked,,
Kambili: The Whole 30 Yards,6.6,37.0
Saavat,6.6,166.0
Finding Hubby,,
PNL - Dans la légende tour,,
Krutant,6.4,104.0
This Earth of Mankind,6.9,729.0
Holy Expectations,5.2,26.0
Luccas Neto in: The End of Christmas,,
Classmates Minus,7.1,1543.0
Masameer: The Movie,5.9,2233.0
Sethum Aayiram Pon,7.2,343.0
Super Monsters: Dia de los Monsters,,
The App That Stole Christmas,3.7,734.0
Ali & Alia,5.0,33.0
"Blue, Painful, and Brittle",,
Tee Shot: Ariya Jutanugarn,,
True: Tricky Treat Day,,
Time Out,5.9,45.0
Unroyal,,
Park Na-rae: Glamour Warning,,
Ave Maryam,7.0,479.0
Chico Bon Bon and the Very Berry Holiday,5.9,39.0
Uncle Naji in UAE,5.0,59.0
Tarung Sarung,6.3,189.0
Mauricio Meirelles: Generating Chaos,,
Lola Igna,7.2,183.0
Vir Das: Outside in - The Lockdown Special,6.5,256.0
Kenny Sebastian: The Most Interesting Person in the Room,6.2,987.0
We Are Legends,5.1,193.0
Beyond the Boundary: ICC Women's T20 World Cup Australia 2020,,
Fate of Alakada,7.0,54.0
Rooting for Roona,,
A Go! Go! Cory Carson Christmas,6.3,48.0
Your Excellency,6.6,43.0
Elevator Baby,6.9,73.0
Andre and His Olive Tree,6.6,201.0
Nenjamundu Nermaiyundu Odu Raja,6.1,366.0
"Hoshino Gen Dome Tour ""POP VIRUS"" at Tokyo Dome",,
Namaste Wahala,5.2,1536.0
Super Monsters: Santa's Super Monster Helpers,4.5,25.0
True: Rainbow Rescue,,
High End Yaariyaan,5.8,1513.0
Nimbe: The Movie,5.9,57.0
In Paradox,5.0,145.0
Mohamed Hussein,,
The Panti Sisters,5.6,264.0
Baxu and the Giants,,
Luccas Neto in: Children's Day,2.5,12.0
Rudra: Secret of the Black Moon,,
Ratones Paranoicos: The Band That Rocked Argentina,,
The American Game,,
Uma Maheswara Ugra Roopasya,,
Wave of Cinema: Generasi 90an,,
Generasi 90an: Melankolia,,
Wave of Cinema: Surat Dari Timur,,
I'm Glad I Did,8.4,1387.0
RK Nagar,5.1,137.0
Si Doel the Movie 2,7.0,182.0
My Stupid Boss 2,6.6,451.0
Mariposa,7.7,700.0
The Book of Sun,,
Kaagar,6.2,64.0
Four Sisters Before the Wedding,6.3,172.0
Carlos Almaraz: Playing with Fire,7.5,58.0
Awon Boyz,,
Bypass Road,5.4,999.0
Rakkhosh,4.9,184.0
Hamid,7.7,1189.0
A Home with a View,5.9,294.0
Cemara's Family,7.8,750.0
Three Thieves,,
100% Halal,,
Dear Affy,,
David A. Arnold Fat Ballerina,7.4,71.0
Alone/Together,6.8,451.0
Loving is Losing,,
Between Maybes,6.2,172.0
Sur Sapata,7.4,45.0
Si Doel the Movie 3,6.7,130.0
Mama Drama,6.3,8.0
Tuna Girl,6.1,140.0
The Wedding Shaman,7.1,158.0
Dilan 1991,6.8,1047.0
She Is,5.8,6.0
Bhai - Vyakti Ki Valli 2,7.8,195.0
Elf Pets: A Fox Cub's Christmas Tale,4.7,98.0
This Lady Called Life,6.8,62.0
One Take,5.9,52.0
Chhota Bheem Ka Roosi Romanch,,
#FriendButMarried 2,6.9,300.0
Luccas Neto in: Summer Camp,2.8,52.0
Girl's Revenge,5.7,190.0
Kolaiyuthir Kaalam,2.6,398.0
Sakaling Maging Tayo,7.1,73.0
Story of Kale: When Someone's in Love,6.4,270.0
The Girl and the Gun,,
Born Beautiful,5.5,118.0
Milea,6.4,547.0
Stunt School,4.4,1123.0
The Power of the Dog,6.9,158487.0
"tick, tick... BOOM!",7.5,96418.0
Don't Look Up,7.2,498447.0
Peter Rabbit 2: The Runaway,6.2,10714.0
The Lost Daughter,6.7,56650.0
The Mitchells vs. the Machines,7.6,100787.0
Red Notice,6.3,255356.0
The Alpinist,8.0,7192.0
The Harder They Fall,6.5,57549.0
The Colony,5.4,7434.0
Diana: The Musical,4.3,1189.0
The Hand of God,7.4,30235.0
The Unforgivable,7.1,101975.0
The Guilty,6.3,113483.0
Coming Home in the Dark,5.7,4049.0
Till Death,5.8,19029.0
Passing,6.7,13553.0
Army of Thieves,6.4,71036.0
Gunpowder Milkshake,6.0,40888.0
Captain Nova,5.5,960.0
The Sparks Brothers,7.8,4416.0
The Trip,6.9,19706.0
Outlaws,6.9,3722.0
Army of the Dead,5.7,166882.0
14 Peaks: Nothing Is Impossible,7.8,22858.0
Bo Burnham: Inside,8.7,44074.0
Oxygen,6.5,36803.0
The Shadow in My Eye,7.3,8270.0
Like A Rolling Stone: The Life & Times of Ben Fong-Torres,7.9,19.0
Kate,6.2,57689.0
Worth,6.8,12745.0
Nightbooks,5.7,8278.0
Furioza,6.2,3383.0
Last Man Down,5.0,10906.0
No One Gets Out Alive,5.3,13913.0
The Woman in the Window,5.7,70886.0
The Turning Point,7.0,9.0
After We Fell,4.6,12339.0
Hypnotic,5.3,14887.0
The Vault,6.4,21511.0
The Dig,7.1,71915.0
Aftermath,5.3,15125.0
The Witcher: Nightmare of the Wolf,7.2,41508.0
Prayers for the Stolen,7.3,1729.0
There's Someone Inside Your House,4.8,14421.0
Zone 414,4.9,3878.0
Blood Red Sky,6.1,44006.0
The Fable: The Killer Who Doesn't Kill,6.8,1282.0
The Starling,6.3,11733.0
Intrusion,5.3,15464.0
My Little Pony: A New Generation,6.8,3468.0
Cosmic Sin,2.5,12284.0
Kingdom: Ashin of the North,7.2,4890.0
The Summit of the Gods,7.5,4458.0
Vivo,6.7,17650.0
The Ice Road,5.6,37401.0
Robin Robin,7.2,1533.0
Fear Street: Part One - 1994,6.2,74672.0
Long Story Short,6.5,4664.0
Night Teeth,5.6,16890.0
A Cop Movie,7.0,1626.0
Love Hard,6.3,48521.0
Stowaway,5.6,44054.0
Things Heard & Seen,5.3,29915.0
Procession,7.2,1076.0
Bruised,6.1,13968.0
Space Sweepers,6.5,24659.0
The Last Letter From Your Lover,6.6,16302.0
Dave Chappelle: The Closer,8.0,24903.0
Yes Day,5.7,23141.0
"Bob Ross: Happy Accidents, Betrayal & Greed",6.9,5674.0
Jim Gaffigan: Comedy Monster,6.8,1549.0
Fear Street: Part Two - 1978,6.7,58277.0
The Lovebirds,6.0,25460.0
Final Account,7.1,950.0
Awake,4.8,20828.0
The God Committee,5.8,3761.0
Malcolm & Marie,6.6,35760.0
The White Tiger,7.1,58190.0
Seaspiracy,8.1,29604.0
Fatherhood,6.6,34661.0
Moxie,6.7,24003.0
Rurouni Kenshin: The Beginning,7.4,7958.0
Britney vs. Spears,6.4,6612.0
Back to the Outback,6.5,7328.0
A Classic Horror Story,,
Beckett,5.6,25253.0
7 Prisoners,7.1,6444.0
Ghost in the Shell: SAC_2045 Sustainable War,,
83,7.4,23781.0
SAS: Red Notice,5.2,17719.0
Fever Dream,5.4,1682.0
America: The Motion Picture,5.6,6165.0
The Perfect Family,6.2,46.0
Audible,5.3,
Count Me In,6.8,1654.0
My Best Friend Anne Frank,6.2,3731.0
The Block Island Sound,5.3,7558.0
Rita Moreno: Just a Girl Who Decided to Go for It,7.7,711.0
Sweet Girl,5.5,30580.0
Rurouni Kenshin: The Final,7.2,8367.0
Fear Street: 1666,,
Riverdance: The Animated Adventure,5.5,1700.0
Schumacher,7.4,21558.0
Wish Dragon,7.2,24712.0
Green Snake,6.8,2181.0
Blue Miracle,6.6,6432.0
Jimmy Carr: His Dark Material,7.1,4274.0
Deadly Illusions,,
Good on Paper,5.6,11401.0
Nobody Sleeps in the Woods Tonight 2,3.9,3436.0
Aileen Wuornos: American Boogeywoman,3.6,1349.0
Operation Varsity Blues: The College Admissions Scandal,6.9,7993.0
"Vengeance Is Mine, All Others Pay Cash",7.1,464.0
Single All the Way,6.1,14862.0
Nate Bargatze: The Greatest Average American,7.3,1295.0
Minnal Murali,8.1,24681.0
Finding 'Ohana,6.1,9819.0
To All the Boys: Always and Forever,6.3,24232.0
He's All That,4.3,23474.0
Misha and the Wolves,6.7,2303.0
Never Back Down: Revolt,3.9,482.0
Mixtape,6.6,3000.0
Untold: Malice at the Palace,7.5,7532.0
Death to 2021,6.3,14315.0
Hilda and the Mountain King,7.7,2146.0
Two,,
The River Runner,6.9,1572.0
Extinct,5.4,2393.0
Prey,4.3,7084.0
Django & Django,6.9,873.0
Shiny_Flakes: The Teenage Drug Lord,7.3,4529.0
Photocopier,6.8,2815.0
Pray Away,6.5,2714.0
Bordertown: The Mural Murders,6.2,2074.0
A Boy Called Christmas,6.7,20838.0
Afterlife of the Party,5.7,8223.0
40 Love,,
The Seventh Day,4.5,4248.0
Thunder Force,4.4,40788.0
A Castle for Christmas,5.5,11727.0
Outside the Wire,5.4,41562.0
The Loud House Movie,6.2,1893.0
Lead Me Home,7.1,
Shaun the Sheep: The Flight Before Christmas,7.3,1448.0
Trollhunters: Rise of the Titans,6.7,4614.0
Operation Hyacinth,6.7,2802.0
Grudge,5.5,4185.0
Bridgerton - The Afterparty,,
Kuthiraivaal,6.4,150.0
More the Merrier,5.4,3080.0
I Am All Girls,5.9,5704.0
The Kissing Booth 3,4.7,15536.0
Chris Rock Total Blackout: The Tamborine Extended Cut,7.0,286.0
Pelé,7.0,4169.0
Memories of a Murderer: The Nilsen Tapes,6.3,3123.0
Don't Kill Me,4.3,1611.0
Found,7.5,1145.0
Three Songs for Benazir,7.7,
Brian Regan: On the Rocks,6.9,601.0
Ride or Die,5.5,1808.0
Monster,6.5,5574.0
Mobile Suit Gundam Hathaway,6.6,1331.0
This Is the Night,5.5,556.0
Dhamaka,7.5,39620.0
The Whole Truth,5.1,3073.0
A Week Away,5.7,4465.0
Crazy About Her,6.6,5435.0
Below Zero,6.2,18840.0
The Witcher: Fireplace,,
Ferry,7.0,10748.0
Yara,6.2,4205.0
The 8th Night,5.3,3181.0
Skater Girl,6.6,4180.0
Penguin Bloom,6.8,9792.0
Sentinelle,4.7,7726.0
Seal Team,5.5,1240.0
Deep,4.8,1380.0
Marilyn's Eyes,6.6,1215.0
The Devil Below,4.2,4093.0
Still Out of My League,5.4,729.0
Stuck Together,6.3,6699.0
Brother in Love 2,7.2,589.0
The Last Mercenary,5.3,8276.0
Breaking Boundaries: The Science of Our Planet,7.8,2534.0
Vicky and Her Mystery,6.4,1789.0
Why Did You Kill Me?,5.6,4057.0
The Door Into Summer,6.3,594.0
Anne+,6.1,1295.0
Sooryavanshi,6.5,75199.0
Attack of the Hollywood Clichés!,,
Game Changer,4.4,109.0
The Hand of God: Through the Eyes of Sorrentino,7.0,7.0
The Falls,7.0,1413.0
The Last Forest,7.3,385.0
Escape the Undertaker,4.3,394.0
Blood Brothers: Malcolm X & Muhammad Ali,6.9,906.0
American Girl,7.2,1032.0
Biking Borders - eine etwas andere Reise,7.7,888.0
Sounds Like Love,5.4,2023.0
Anonymously Yours,5.7,1541.0
Major Grom: Plague Doctor,6.3,11715.0
The Minimalists: Less Is Now,5.9,4027.0
Making The Billion Dollar Code,,
Doctor,7.6,14590.0
Amy Tan: Unintended Memoir,7.7,307.0
Dynasty Warriors,4.7,2079.0
David and the Elves,5.2,687.0
Meskina,5.6,826.0
Security,5.0,1935.0
Bright: Samurai Soul,5.5,800.0
Homunculus,5.5,2632.0
Two Distant Strangers,,
7 Yards: The Chris Norton Story,7.8,258.0
Untold: Breaking Point,7.6,2400.0
Autumn Girl,5.4,486.0
A California Christmas: City Lights,5.5,2231.0
Spoiled Brats,6.1,5361.0
The Girl on the Train,4.4,14348.0
Shyam Singha Roy,7.9,10903.0
Phil Wang: Philly Philly Wang Wang,6.0,561.0
The Phantom,6.4,709.0
Lady Boss: The Jackie Collins Story,6.8,383.0
Murder by the Coast,6.5,2054.0
Theo Von: Regular People,5.1,729.0
Je suis Karl,5.4,889.0
Madame Claude,5.4,3282.0
Nicole Byer: BBW (Big Beautiful Weirdo),5.7,500.0
The Getaway King,6.8,973.0
Father Christmas Is Back,4.5,5622.0
Last Summer,6.3,2774.0
A Family,7.0,2158.0
Jonas Brothers Family Roast,5.1,1579.0
Red Dot,5.5,13156.0
We Couldn't Become Adults,6.5,655.0
Heroes: Silence and Rock & Roll,7.5,641.0
Forever Rich,5.5,993.0
Baggio: The Divine Ponytail,6.1,4296.0
Chandigarh Kare Aashiqui,6.9,12303.0
Child of Kamiari Month,5.9,633.0
Cousins,6.9,474.0
New Gods: Nezha Reborn,6.8,3045.0
Barbie & Chelsea: The Lost Birthday,,
Confessions of an Invisible Girl,5.2,966.0
"Barbie: Big City, Big Dreams",5.8,258.0
Black Island,5.1,2697.0
Michael Che: Shame the Devil,6.4,957.0
Lulli,4.7,1356.0
The Seven Deadly Sins: Cursed by Light,6.4,865.0
The Princess Switch 3: Romancing the Star,5.5,5618.0
The Yin Yang Master,,
Biggie: I Got a Story to Tell,6.8,4934.0
Camp Confidential: America's Secret Nazis,6.3,
The Wonderful: Stories from the Space Station,,
In Our Mothers' Gardens,8.6,124.0
Arlo the Alligator Boy,6.5,1079.0
137 Shots,6.2,767.0
One,6.5,2672.0
Mo Amer: Mohammed in Texas,6.5,568.0
Caught by a Wave,5.7,1265.0
The Women and the Murderer,6.4,1158.0
Monster Hunter: Legends of the Guild,,
Time,,
Montford: The Chickasaw Rancher,6.7,681.0
Sex: Unzipped,2.5,395.0
Swallow,3.4,175.0
Paper Lives,6.7,11804.0
Haseen Dillruba,7.0,25771.0
Amina,3.9,289.0
In for a Murder,5.3,1394.0
Fate: The Winx Saga - The Afterparty,6.2,69.0
The Witcher Season One Recap: From the Beginning,,
Sweet & Sour,6.7,2387.0
The Soul,6.6,2676.0
Love is Color Blind,8.3,465.0
Love Me Instead,7.0,2472.0
The Last Paradiso,5.7,1302.0
1000 Miles from Christmas,5.7,1483.0
Mimi,,
The Father Who Moves Mountains,5.5,3385.0
Nail Bomber: Manhunt,6.3,2086.0
Red,,
Secret Magic Control Agency,6.2,3948.0
LOL Surprise: The Movie,,
Untold: Caitlyn Jenner,6.4,2384.0
Most Eligible Bachelor,6.4,3125.0
Lords of Scam,6.3,568.0
"My Brother, My Sister",6.0,882.0
Xtreme,5.8,4273.0
Ghost Lab,5.2,1367.0
Carolin Kebekus: The Last Christmas Special,4.7,97.0
Just Short of Perfect,5.3,952.0
Puff: Wonders of the Reef,7.1,743.0
My Wonderful Life,5.8,540.0
Roohi,4.4,9912.0
Asakusa Kid,7.1,1090.0
The House of Flowers: The Movie,5.5,836.0
Creating The Queen's Gambit,6.9,577.0
Octonauts: The Ring of Fire,6.5,126.0
The Land,6.1,444.0
Honey Girls,5.0,154.0
Gatao: The Last Stray,5.9,244.0
Resort to Love,5.7,5586.0
Annaatthe,4.6,9400.0
Hate by Dani Rovira,6.7,419.0
Man in Love,6.9,1623.0
Meenakshi Sundareshwar,7.4,17141.0
Cobra Kai - The Afterparty,,
Just Say Yes,4.5,1910.0
Ajeeb Daastaans,6.7,5620.0
The Secret Diary of an Exchange Student,5.3,868.0
Carlos Ballarta: False Prophet,6.5,116.0
One Night in Paris,4.4,74.0
You vs. Wild: Out Cold,5.3,102.0
Headspace Unwind you Mind,7.2,132.0
Get the Grift,5.3,722.0
Dolly Parton: A MusiCares Tribute,6.6,226.0
Rabbids Invasion - Mission To Mars,7.8,
And Tomorrow the Entire World,6.0,3095.0
Squared Love,5.0,3059.0
Shadow and Bone - The Afterparty,,
Dearest Boy,6.1,240.0
Thomas & Friends: All Engines Go - Race for the Sodor Cup,3.6,56.0
Accomplice,7.2,361.0
Double Dad,5.6,1262.0
Dancing Queens,5.6,1672.0
Searching for Sheela,4.2,1327.0
Uppena,,
This Little Love of Mine,5.3,2393.0
JJ+E,5.3,1658.0
Tony Parker: The Final Shot,6.8,1364.0
Bankrolled,4.0,306.0
Mandela,,
The Guide to the Perfect Family,6.4,1632.0
"Strip Down, Rise Up",5.3,634.0
Kadaseela Biriyani,7.5,1265.0
The Characters of the Continent,6.6,56.0
Pagglait,6.9,9133.0
A World Without,3.7,336.0
Boomika,,
Get the Goat,6.1,1727.0
Bartkowiak,5.1,1165.0
Grumpy Christmas,4.4,348.0
Cinema Bandi,8.0,2416.0
This Is Not a Comedy,4.9,321.0
"Crack: Cocaine, Corruption & Conspiracy",6.7,3260.0
Zero to Hero,6.6,792.0
Irul,5.8,3021.0
Making Malinche: A Documentary by Nacho Cano,5.1,31.0
The Upshaws - The Afterparty,,
Happiness Ever After,4.2,153.0
Wild Dog,6.2,2248.0
Nayattu,8.1,6780.0
Carnaval,3.9,885.0
Wish You,6.4,804.0
Kurup,7.4,11582.0
Angeliena,7.7,1156.0
Connected,,
The Guardian,5.7,319.0
Animals on the Loose: A You vs. Wild Interactive Movie,5.8,928.0
Emicida AmarElo Live in Sao Paulo,7.5,43.0
Only You,6.5,64.0
Lethal Love,4.4,215.0
The Misadventures of Hedi and Cokeman,4.4,624.0
Johnny Test's Ultimate Meatloaf Quest,7.0,24.0
What Would Sophia Loren Do?,,
Cem Yılmaz: Diamond Elite Platinum Plus,6.6,6680.0
Sisters on Track,5.8,195.0
Sharkdog’s Fintastic Halloween,6.6,35.0
Thimmarusu: Assignment Vali,7.2,1473.0
Sam Smith: Love Goes – Live at Abbey Road Studios,,
Prime Time,5.2,1757.0
Chief Daddy 2: Going for Broke,3.0,133.0
The Four of Us,5.3,954.0
June & Kopi,6.3,529.0
Thalaivii,5.9,30439.0
Blue Dream: The Road to Wembley,7.1,722.0
Soy Rada: Serendipity,6.1,73.0
Have You Ever Seen Fireflies?,6.2,4934.0
Hostage House,3.9,826.0
Convergence: Courage in a Crisis,5.4,252.0
Hand Rolled Cigarette,,
Haroun,6.4,62.0
Maha Samudram,,
Aelay,,
Angèle,7.0,493.0
A Perfect Fit,5.3,557.0
30 March,4.4,96.0
A StoryBots Space Adventure,,
Super Monsters: Once Upon a Rhyme,5.8,38.0
Ginny & Georgia - The Afterparty,,
Izla,3.7,105.0
Trese After Dark,,
"Our Lady of San Juan, Four Centuries of Miracles",6.1,79.0
StarBeam: Beaming in the New Year,5.7,32.0
Ali & Ratu Ratu Queens,7.0,1185.0
D.O.D.: Day of Destiny,5.0,37.0
Upcoming Summer,6.7,439.0
What Happened to Mr Cha?,4.3,349.0
Lokillo,3.8,66.0
Jagame Thandhiram,6.0,11596.0
Private Network: Who Killed Manuel Buendía?,6.8,220.0
Kaaval,5.4,1462.0
Mughizh,,
One Lagos Night,6.9,15.0
I Missed You,5.7,243.0
African America,5.2,63.0
Will You Marry?,4.9,56.0
Tughlaq Durbar,5.4,1566.0
My Amanda,5.6,301.0
Geez & Ann,5.0,285.0
Laabam,3.4,777.0
Tribhanga,6.2,2888.0
Trippin’ with the Kandasamys,5.0,366.0
The Last Kids on Earth: Happy Apocalypse to You,,
The Circle: The Afterparty,,
Madam Chief Minister,4.8,1744.0
Little Big Mouth,3.8,170.0
A Naija Christmas,4.7,336.0
Slay,3.3,101.0
Love or Money,,
Sardar Ka Grandson,4.3,4496.0
Sarbath,5.6,262.0
Alan Saldaña: Locked Up,,
Lokillo: Nothing's the Same,4.6,51.0
Ankahi Kahaniya,5.5,853.0
Here and There,6.6,48.0
Devdas Brothers,3.2,50.0
Stuck Apart,6.0,10418.0
C/O Kaadhal,7.8,339.0
Daiki Tsuneta: Tokyo Chaotic,7.1,15.0
A Faraway Land,4.9,133.0
My Heroes Were Cowboys,,
Myriam Fares: The Journey,2.3,153.0
Lee Su-geun: The Sense Coach,4.1,38.0
Bling Empire - The Afterparty,,
Just in Time,7.0,43.0
Binti,5.7,118.0
Dad Stop Embarrassing Me - The Afterparty,,
The Tambour of Retribution,6.9,966.0
Tersanjung: The Movie,5.8,205.0
Mommy Issues,5.4,38.0
Loyiso Gola: Unlearning,5.9,202.0
Layla Majnun,6.1,272.0
Meeting Point,4.2,423.0
Tuesdays And Fridays,4.5,758.0
My Bride,4.9,281.0
The Heartbreak Club,6.2,188.0
Princess 'Daya'Reese,7.2,45.0
Time to Dance,2.2,950.0
Momshies! Your Soul is Mine,5.8,26.0
Fine Wine,6.9,39.0
Edis Starlight,,
Clash,6.5,32.0
Shadow Parties,6.2,9.0
